OBJECTID,AREA,PERIMETER,STATE,COUNTY,TRACT,CT_ID,LOGRECNO,BLK_COUNT,TOTAL_POP,SAMP_POP,DRY_PCT,DRY_ACRES,DRY_SQMI,DRY_SQKM,GEOID_d,Geography,city,pop_o16,med_hou_inc_1999,total_pop_1,pop_dens_2000,OBJECTID_1,Join_Count,TARGET_FID,area_id,city_1,state_1,city_survey,category,grade,label,residential,commercial,industrial,fill,Shape_Length_1,Shape_Area_1,Shape_Length,Shape_Area
1022,2331282.490000000223517,8999.064000000000306,25,025,000100,25025000100,0015167,63,3968,3968,0.921400000000000,530.820000000000050,0.829000000000000,2.148000000000000,25025000100.000000000000000,25025000100.000000000000000,Boston,3463,44630,3968,1875.803009954709296,1,1,1,4986,Boston,MA,1,Hazardous,D,D1,1,0,0,#d9838d,0.073522764816336,0.000206072900000,9145.438560683887772,2115360.716952792834491
1023,595260.386999999987893,3973.099000000000160,25,025,000201,25025000201,0015172,30,3887,3887,1.000000000000000,147.090000000000003,0.230000000000000,0.595000000000000,25025000201.000000000000000,25025000201.000000000000000,Boston,3503,62305,3887,6529.931926942071186,2,1,2,4985,Boston,MA,1,Definitely Declining,C,C1,1,0,0,#ffff00,0.172783971057334,0.000576225300000,3972.917137950493725,595258.885312799829990
1026,646930.400000000023283,3746.923999999999978,25,025,000302,25025000302,0015187,13,3006,3036,0.946300000000000,151.280000000000001,0.236000000000000,0.612000000000000,25025000302.000000000000000,25025000302.000000000000000,Boston,2793,64750,3036,5237.891027063619731,3,1,3,4985,Boston,MA,1,Definitely Declining,C,C1,1,0,0,#ffff00,0.172783971057334,0.000576225300000,4650.245050551750865,579622.597017256543040
1029,460645.205000000016298,3783.530999999999949,25,025,000501,25025000501,0015199,37,7366,7456,1.000000000000000,113.829999999999998,0.178000000000000,0.461000000000000,25025000501.000000000000000,25025000501.000000000000000,Boston,7148,39530,7456,16372.099956464051502,4,1,4,4985,Boston,MA,1,Definitely Declining,C,C1,1,0,0,#ffff00,0.172783971057334,0.000576225300000,3786.214225151052233,455408.898053802433424
1032,603325.381000000052154,3652.005000000000109,25,025,000602,25025000602,0015216,13,4860,4860,1.000000000000000,149.080000000000013,0.233000000000000,0.603000000000000,25025000602.000000000000000,25025000602.000000000000000,Boston,4080,20175,4860,8055.381068399803553,5,1,5,4985,Boston,MA,1,Definitely Declining,C,C1,1,0,0,#ffff00,0.172783971057334,0.000576225300000,3651.996509300941852,603323.413098995224573
1034,420837.712999999988824,3160.039000000000215,25,025,000702,25025000702,0015226,37,7551,7551,1.000000000000000,103.989999999999995,0.162000000000000,0.421000000000000,25025000702.000000000000000,25025000702.000000000000000,Boston,7236,27675,7551,18072.299850615010655,6,1,6,4985,Boston,MA,1,Definitely Declining,C,C1,1,0,0,#ffff00,0.172783971057334,0.000576225300000,3201.383047277598962,417821.752760650240816
1037,493989.331000000005588,3398.829999999999927,25,025,010101,25025010101,0015241,52,5004,5004,0.690100000000000,84.230000000000004,0.132000000000000,0.341000000000000,25025010101.000000000000000,25025010101.000000000000000,Boston,4942,34655,5004,15322.074604269630072,7,1,7,11582,Boston,MA,1,Commercial,,Commercial,0,1,0,#000000,0.149139488500317,0.000191317850000,3661.152372618274512,326587.627931637398433
1040,264514.641000000003260,3129.239999999999782,25,025,010202,25025010202,0015256,17,2635,2715,1.000000000000000,65.359999999999999,0.102000000000000,0.265000000000000,25025010202.000000000000000,25025010202.000000000000000,Boston,2662,18060,2715,10407.421210787921154,8,1,8,4947,Boston,MA,1,Definitely Declining,C,C6,1,0,0,#ffff00,0.081799928988597,0.000267195699999,3198.499888879411628,260871.540126168663846
1042,230107.394000000000233,2239.068999999999960,25,025,010401,25025010401,0015263,14,9346,9453,1.000000000000000,56.859999999999999,0.089000000000000,0.230000000000000,25025010401.000000000000000,25025010401.000000000000000,Boston,9202,26576,9453,41080.459775488438027,9,1,9,4947,Boston,MA,1,Definitely Declining,C,C6,1,0,0,#ffff00,0.081799928988597,0.000267195699999,2239.068090536367890,230109.401201014348771
1044,211204.144000000000233,2018.284000000000106,25,025,010500,25025010500,0015272,17,3061,3071,1.000000000000000,52.189999999999998,0.082000000000000,0.211000000000000,25025010500.000000000000000,25025010500.000000000000000,Boston,2989,33333,3071,14974.905352164549186,10,1,10,4947,Boston,MA,1,Definitely Declining,C,C6,1,0,0,#ffff00,0.081799928988597,0.000267195699999,2501.780438899125329,205076.421371578297112
1047,736070.940999999991618,4211.088999999999942,25,025,010800,25025010800,0015286,38,6306,6306,0.543900000000000,98.920000000000002,0.155000000000000,0.400000000000000,25025010800.000000000000000,25025010800.000000000000000,Boston,6089,71671,6306,16889.841565777634969,11,1,11,4949,Boston,MA,1,Still Desirable,B,B3,1,0,0,#7cb5bd,0.091011170314239,0.000048146650000,5670.311727565328511,373360.518240578356199
1049,106366.399000000004889,1668.000999999999976,25,025,020200,25025020200,0015298,19,3635,3635,1.000000000000000,26.280000000000001,0.041000000000000,0.106000000000000,25025020200.000000000000000,25025020200.000000000000000,Boston,3520,53470,3635,34174.360490570972615,12,1,12,4951,Boston,MA,1,Hazardous,D,D6,1,0,0,#d9838d,0.035709083736483,0.000039603400000,1667.988276109734898,106366.291799459737376
1052,75585.661999999996624,1413.267000000000053,25,025,030200,25025030200,0015309,19,1534,1556,1.000000000000000,18.680000000000000,0.029000000000000,0.076000000000000,25025030200.000000000000000,25025030200.000000000000000,Boston,1522,43125,1556,20585.627171751762944,13,1,13,4991,Boston,MA,1,Hazardous,D,D5,1,0,0,#d9838d,0.023368762995798,0.000027870050000,1413.253535016712249,75586.718199928902322
1055,207360.309999999997672,3884.518000000000029,25,025,030500,25025030500,0015319,26,2321,2359,0.969100000000000,49.659999999999997,0.078000000000000,0.201000000000000,25025030500.000000000000000,25025030500.000000000000000,Boston,2243,63488,2359,13895.579978636515079,14,1,14,4991,Boston,MA,1,Hazardous,D,D5,1,0,0,#d9838d,0.023368762995798,0.000027870050000,3615.432177297423550,169766.213690022152150
1056,257921.323000000003958,2682.150999999999840,25,025,040100,25025040100,0015323,31,1843,1873,1.000000000000000,63.729999999999997,0.100000000000000,0.258000000000000,25025040100.000000000000000,25025040100.000000000000000,Boston,1688,75061,1873,7382.841507512684984,15,1,15,4992,Boston,MA,1,Hazardous,D,D2,1,0,0,#d9838d,0.055058921679623,0.000135939500000,2613.961741936986527,253696.357709163799882
1057,140499.551000000006752,2202.021999999999935,25,025,040200,25025040200,0015326,34,1652,1622,1.000000000000000,34.719999999999999,0.054000000000000,0.140000000000000,25025040200.000000000000000,25025040200.000000000000000,Boston,1165,32275,1622,11544.522752377366487,16,1,16,4992,Boston,MA,1,Hazardous,D,D2,1,0,0,#d9838d,0.055058921679623,0.000135939500000,2202.031318969492531,140499.528199724096339
1058,270279.742000000027474,2952.509000000000015,25,025,040300,25025040300,0015329,45,3845,3845,1.000000000000000,66.790000000000006,0.104000000000000,0.270000000000000,25025040300.000000000000000,25025040300.000000000000000,Boston,3266,65673,3845,14226.005839024204761,17,1,17,4992,Boston,MA,1,Hazardous,D,D2,1,0,0,#d9838d,0.055058921679623,0.000135939500000,2952.492376249920653,270279.658500670047943
1059,455285.905000000027940,4313.646999999999935,25,025,040400,25025040400,0015335,42,2070,2137,0.935900000000000,105.299999999999997,0.165000000000000,0.426000000000000,25025040400.000000000000000,25025040400.000000000000000,Boston,1851,53798,2137,4889.098685718709021,18,1,18,4992,Boston,MA,1,Hazardous,D,D2,1,0,0,#d9838d,0.055058921679623,0.000135939500000,4306.151875704723352,437094.879316361329984
1062,286377.193000000028405,3334.371000000000095,25,025,050100,25025050100,0015346,19,4587,4587,1.000000000000000,70.769999999999996,0.111000000000000,0.286000000000000,25025050100.000000000000000,25025050100.000000000000000,Boston,3558,28143,4587,16661.907010044997151,19,1,19,4993,Boston,MA,1,Hazardous,D,D3,1,0,0,#d9838d,0.105090882424428,0.000136917550000,3065.835808251205435,275298.619613866962027
1063,249652.698000000003958,2949.199000000000069,25,025,050200,25025050200,0015350,17,4897,4897,1.000000000000000,61.689999999999998,0.096000000000000,0.250000000000000,25025050200.000000000000000,25025050200.000000000000000,Boston,3734,29183,4897,19615.225800075371808,20,1,20,4993,Boston,MA,1,Hazardous,D,D3,1,0,0,#d9838d,0.105090882424428,0.000136917550000,2925.645546507430481,249653.001699383137748
1065,131305.766999999992549,1708.089999999999918,25,025,050400,25025050400,0015358,14,2525,2504,1.000000000000000,32.450000000000003,0.051000000000000,0.131000000000000,25025050400.000000000000000,25025050400.000000000000000,Boston,2012,31583,2504,19070.095402208669839,21,1,21,11583,Boston,MA,1,Industrial,,Industrial,0,0,1,#000000,0.635532746181484,0.001071654250001,1708.094457580392145,131305.058899180468870
1066,118709.933999999993830,1444.855000000000018,25,025,050500,25025050500,0015361,8,1897,1733,1.000000000000000,29.329999999999998,0.046000000000000,0.119000000000000,25025050500.000000000000000,25025050500.000000000000000,Boston,1427,33207,1733,14598.665914592485933,22,1,22,4995,Boston,MA,1,Hazardous,D,D4,1,0,0,#d9838d,0.060951656114815,0.000089560450000,1386.555712065530543,118709.477300095881219
1071,2445494.149999999906868,8859.752000000000407,25,025,051100,25025051100,0015378,53,5797,5797,0.998300000000000,603.259999999999991,0.943000000000000,2.441000000000000,25025051100.000000000000000,25025051100.000000000000000,Boston,4507,40000,5797,2651.254409221839069,23,1,23,4996,Boston,MA,1,Definitely Declining,C,C3,1,0,0,#ffff00,0.082861363291419,0.000191270800000,8398.827201766342114,2186512.158107625320554
1074,180865.701000000000931,2448.510999999999967,25,025,060200,25025060200,0015392,18,2054,2050,1.000000000000000,44.689999999999998,0.070000000000000,0.181000000000000,25025060200.000000000000000,25025060200.000000000000000,Boston,1791,55952,2050,11356.211111568505657,24,1,24,4976,Boston,MA,1,Definitely Declining,C,C7,1,0,0,#ffff00,0.052574684163023,0.000097934349999,2448.198428158645129,180517.954435672407271
1075,289730.843999999982771,2859.639999999999873,25,025,060300,25025060300,0015395,24,3077,3077,1.000000000000000,71.590000000000003,0.112000000000000,0.290000000000000,25025060300.000000000000000,25025060300.000000000000000,Boston,2725,49825,3077,10643.595796413732387,25,1,25,4976,Boston,MA,1,Definitely Declining,C,C7,1,0,0,#ffff00,0.052574684163023,0.000097934349999,2855.435396067218335,289094.029767343192361
1079,125075.308000000004540,1430.968000000000075,25,025,060700,25025060700,0015414,16,1384,1543,1.000000000000000,30.910000000000000,0.048000000000000,0.125000000000000,25025060700.000000000000000,25025060700.000000000000000,Boston,1044,16500,1543,12336.524835811365847,26,1,26,4978,Boston,MA,1,Hazardous,D,D10,1,0,0,#d9838d,0.055786890121911,0.000091162600000,1430.980998194433141,125075.742199364511180
1081,177155.119999999995343,1886.611000000000104,25,025,061000,25025061000,0015422,20,3064,3064,1.000000000000000,43.780000000000001,0.068000000000000,0.177000000000000,25025061000.000000000000000,25025061000.000000000000000,Boston,2158,13973,3064,17295.544851351089164,27,1,27,4978,Boston,MA,1,Hazardous,D,D10,1,0,0,#d9838d,0.055786890121911,0.000091162600000,1886.620208567333293,177155.448199751146603
1084,1244987.365999999921769,6047.135000000000218,25,025,070100,25025070100,0015433,126,3181,3282,0.997700000000000,306.930000000000007,0.480000000000000,1.242000000000000,25025070100.000000000000000,25025070100.000000000000000,Boston,3132,17639,3282,2659.304074636043879,28,1,28,11582,Boston,MA,1,Commercial,,Commercial,0,1,0,#000000,0.149139488500317,0.000191317850000,6356.005131293261911,1234157.474244151264429
1087,239237.530999999988126,2254.708000000000084,25,025,070400,25025070400,0015445,30,1832,1827,1.000000000000000,59.119999999999997,0.092000000000000,0.239000000000000,25025070400.000000000000000,25025070400.000000000000000,Boston,1374,12165,1827,7636.762939300272592,29,1,29,4918,Boston,MA,1,Hazardous,D,D7,1,0,0,#d9838d,0.077313440388776,0.000216544950000,2254.695466991759986,239237.490350512467558
1089,133309.242999999987660,1716.189000000000078,25,025,070600,25025070600,0015452,10,2188,2193,1.000000000000000,32.939999999999998,0.051000000000000,0.133000000000000,25025070600.000000000000000,25025070600.000000000000000,Boston,2087,89056,2193,16450.445291888318025,30,1,30,4918,Boston,MA,1,Hazardous,D,D7,1,0,0,#d9838d,0.077313440388776,0.000216544950000,1716.190107775576735,133309.461299589514965
1091,194928.390000000013970,1896.317999999999984,25,025,070800,25025070800,0015458,19,3600,3601,1.000000000000000,48.170000000000002,0.075000000000000,0.195000000000000,25025070800.000000000000000,25025070800.000000000000000,Boston,3381,45486,3601,18473.653156015061541,31,1,31,4918,Boston,MA,1,Hazardous,D,D7,1,0,0,#d9838d,0.077313440388776,0.000216544950000,1896.298735427848669,194926.253599576069973
1094,432542.257999999972526,3445.829999999999927,25,025,071200,25025071200,0015469,30,1344,1343,1.000000000000000,106.879999999999995,0.167000000000000,0.433000000000000,25025071200.000000000000000,25025071200.000000000000000,Boston,1181,20806,1343,3104.887681132405760,32,1,32,11583,Boston,MA,1,Industrial,,Industrial,0,0,1,#000000,0.635532746181484,0.001071654250001,3445.835476920222845,432543.826999302254990
1097,318182.348999999987427,2808.043999999999869,25,025,080400,25025080400,0015479,31,723,771,1.000000000000000,78.620000000000005,0.123000000000000,0.318000000000000,25025080400.000000000000000,25025080400.000000000000000,Boston,634,34297,771,2423.138342494681183,33,1,33,4919,Boston,MA,1,Hazardous,D,D9,1,0,0,#d9838d,0.131393777372663,0.000516958600000,2808.041724964150490,318182.410999380401336
1100,161496.225999999995111,1765.182999999999993,25,025,080800,25025080800,0015490,17,963,947,1.000000000000000,39.909999999999997,0.062000000000000,0.161000000000000,25025080800.000000000000000,25025080800.000000000000000,Boston,799,25852,947,5863.954112200278360,34,1,34,4920,Boston,MA,1,Hazardous,D,D8,1,0,0,#d9838d,0.124826775947194,0.000430417250000,1765.184846780482076,161495.124600261566229
1024,590255.484000000054948,3929.831999999999880,25,025,000202,25025000202,0015177,26,3925,3925,1.000000000000000,145.860000000000014,0.228000000000000,0.590000000000000,25025000202.000000000000000,25025000202.000000000000000,Boston,3258,56803,3925,6649.654631873574544,35,1,35,4985,Boston,MA,1,Definitely Declining,C,C1,1,0,0,#ffff00,0.172783971057334,0.000576225300000,3929.825335216719395,590256.218899914645590
1025,661436.052999999956228,4091.818000000000211,25,025,000301,25025000301,0015182,25,2923,2833,0.964000000000000,157.550000000000011,0.246000000000000,0.638000000000000,25025000301.000000000000000,25025000301.000000000000000,Boston,2487,56321,2833,4560.614664109970363,36,1,36,4985,Boston,MA,1,Definitely Declining,C,C1,1,0,0,#ffff00,0.172783971057334,0.000576225300000,4053.854998113090460,621188.196910048834980
1027,442256.760000000009313,2914.108999999999924,25,025,000401,25025000401,0015190,20,5796,5868,1.000000000000000,109.280000000000001,0.171000000000000,0.442000000000000,25025000401.000000000000000,25025000401.000000000000000,Boston,5404,30714,5868,13268.302299518052678,37,1,37,9545,Boston,MA,1,Still Desirable,B,B2,1,0,0,#7cb5bd,0.062061376262574,0.000055007100000,2914.094417105327921,442257.032402189448476
1028,808066.761999999987893,3638.454000000000178,25,025,000402,25025000402,0015195,25,3564,3564,1.000000000000000,199.680000000000007,0.312000000000000,0.808000000000000,25025000402.000000000000000,25025000402.000000000000000,Boston,3317,54833,3564,4410.535097524030789,38,1,38,4985,Boston,MA,1,Definitely Declining,C,C1,1,0,0,#ffff00,0.172783971057334,0.000576225300000,3638.446869572157993,808065.216848800191656
1030,1204211.316000000108033,5610.979999999999563,25,025,000502,25025000502,0015206,26,3178,3076,0.765100000000000,227.659999999999997,0.356000000000000,0.921000000000000,25025000502.000000000000000,25025000502.000000000000000,Boston,3027,38958,3076,3819.216066951602897,39,0,39,,,,,,,,,,,,,,8048.342641435116093,805400.884913846151903
1031,505371.208999999973457,4741.423999999999978,25,025,000601,25025000601,0015211,38,3413,3413,1.000000000000000,124.879999999999995,0.195000000000000,0.505000000000000,25025000601.000000000000000,25025000601.000000000000000,Boston,3090,43804,3413,6753.484936323493457,40,1,40,4985,Boston,MA,1,Definitely Declining,C,C1,1,0,0,#ffff00,0.172783971057334,0.000576225300000,4741.404855494341064,505368.714401544479188
1033,221166.878999999986263,2163.811000000000149,25,025,000701,25025000701,0015220,23,4687,4687,1.000000000000000,54.649999999999999,0.085000000000000,0.221000000000000,25025000701.000000000000000,25025000701.000000000000000,Boston,4483,36875,4687,21192.065249795854470,41,1,41,4985,Boston,MA,1,Definitely Declining,C,C1,1,0,0,#ffff00,0.172783971057334,0.000576225300000,2163.822333350839926,221167.684449496970046
1035,1491173.442999999970198,7409.136999999999716,25,025,000801,25025000801,0015233,26,3540,3540,0.896600000000000,330.389999999999986,0.516000000000000,1.337000000000000,25025000801.000000000000000,25025000801.000000000000000,Boston,3336,30968,3540,2674.439434971306127,42,0,42,,,,,,,,,,,,,,7503.143704607089603,1323641.864426060812548
1036,963393.702999999979511,6259.835000000000036,25,025,000802,25025000802,0015236,55,7984,7984,1.000000000000000,238.060000000000002,0.372000000000000,0.963000000000000,25025000802.000000000000000,25025000802.000000000000000,Boston,7225,29555,7984,8292.682198768150556,43,1,43,4986,Boston,MA,1,Hazardous,D,D1,1,0,0,#d9838d,0.073522764816336,0.000206072900000,6244.313758605060684,962776.555115785915405
1038,448997.438000000023749,3091.543000000000120,25,025,010102,25025010102,0015247,24,3938,3938,0.852300000000000,94.569999999999993,0.148000000000000,0.383000000000000,25025010102.000000000000000,25025010102.000000000000000,Boston,3930,16447,3938,11338.473304911431114,44,1,44,11582,Boston,MA,1,Commercial,,Commercial,0,1,0,#000000,0.149139488500317,0.000191317850000,2948.792378873481994,347313.072412861452904
1039,554310.145999999949709,4224.800000000000182,25,025,010201,25025010201,0015251,33,5464,5384,0.955700000000000,130.900000000000006,0.205000000000000,0.530000000000000,25025010201.000000000000000,25025010201.000000000000000,Boston,5275,28932,5384,10095.369318958933945,45,1,45,4947,Boston,MA,1,Definitely Declining,C,C6,1,0,0,#ffff00,0.081799928988597,0.000267195699999,5022.357358953449875,533313.822396664530970
1041,791163.824999999953434,5250.274000000000342,25,025,010300,25025010300,0015260,31,5548,5548,1.000000000000000,195.500000000000000,0.305000000000000,0.791000000000000,25025010300.000000000000000,25025010300.000000000000000,Boston,5069,14224,5548,7147.624921771680420,46,1,46,4947,Boston,MA,1,Definitely Declining,C,C6,1,0,0,#ffff00,0.081799928988597,0.000267195699999,5560.768550586963102,776201.893736866419204
1043,479911.750000000000000,5715.842999999999847,25,025,010402,25025010402,0015268,21,3769,3662,0.950000000000000,112.659999999999997,0.176000000000000,0.456000000000000,25025010402.000000000000000,25025010402.000000000000000,Boston,3587,13780,3662,8259.110463475271899,47,1,47,4947,Boston,MA,1,Definitely Declining,C,C6,1,0,0,#ffff00,0.081799928988597,0.000267195699999,7210.371703454876297,443389.153855571814347
1045,348261.304999999993015,3080.248999999999796,25,025,010600,25025010600,0015276,18,2406,2396,1.000000000000000,86.060000000000002,0.134000000000000,0.348000000000000,25025010600.000000000000000,25025010600.000000000000000,Boston,2299,61458,2396,6879.887930410564877,48,0,48,,,,,,,,,,,,,,3080.266515248088126,348261.486849105684087
1046,500648.566999999980908,3843.226000000000113,25,025,010700,25025010700,0015279,37,4908,4908,1.000000000000000,123.709999999999994,0.193000000000000,0.501000000000000,25025010700.000000000000000,25025010700.000000000000000,Boston,4705,77282,4908,9803.277538754797206,49,1,49,4948,Boston,MA,1,Definitely Declining,C,C5,1,0,0,#ffff00,0.037763752177352,0.000040175500000,3843.220093146099316,500648.888149647274986
1048,441921.485999999975320,3157.717000000000098,25,025,020100,25025020100,0015293,39,4157,4157,0.742100000000000,81.040000000000006,0.127000000000000,0.328000000000000,25025020100.000000000000000,25025020100.000000000000000,Boston,3850,81804,4157,13335.725976222116515,50,1,50,4949,Boston,MA,1,Still Desirable,B,B3,1,0,0,#7cb5bd,0.091011170314239,0.000048146650000,4455.473698421127665,311719.062570123292971
1050,1014716.733000000007451,4891.323999999999614,25,025,020300,25025020300,0015302,66,5881,5881,0.828800000000000,207.800000000000011,0.325000000000000,0.841000000000000,25025020300.000000000000000,25025020300.000000000000000,Boston,5488,52160,5881,7123.086003160764449,51,1,51,4951,Boston,MA,1,Hazardous,D,D6,1,0,0,#d9838d,0.035709083736483,0.000039603400000,7297.321268628817961,825625.297432937426493
1051,75818.729999999995925,1201.119999999999891,25,025,030100,25025030100,0015306,16,1963,1941,1.000000000000000,18.739999999999998,0.029000000000000,0.076000000000000,25025030100.000000000000000,25025030100.000000000000000,Boston,1856,52691,1941,25600.587203857434361,52,1,52,4991,Boston,MA,1,Hazardous,D,D5,1,0,0,#d9838d,0.023368762995798,0.000027870050000,1201.110591456182192,75818.573400048218900
1053,735925.643999999971129,6794.167999999999665,25,025,030300,25025030300,0015311,82,4074,4074,1.000000000000000,181.849999999999994,0.284000000000000,0.736000000000000,25025030300.000000000000000,25025030300.000000000000000,Boston,3851,70854,4074,5777.047098946510232,53,1,53,11582,Boston,MA,1,Commercial,,Commercial,0,1,0,#000000,0.149139488500317,0.000191317850000,6618.371257260671882,705204.567354648374021
1054,108536.588000000003376,1865.508000000000038,25,025,030400,25025030400,0015316,20,2222,2184,1.000000000000000,26.820000000000000,0.042000000000000,0.109000000000000,25025030400.000000000000000,25025030400.000000000000000,Boston,2123,50051,2184,20122.434705256509915,54,1,54,4991,Boston,MA,1,Hazardous,D,D5,1,0,0,#d9838d,0.023368762995798,0.000027870050000,1865.507763581683321,108535.573949681231170
1060,1349944.547000000020489,9201.036000000000058,25,025,040600,25025040600,0015338,81,2131,2064,0.995500000000000,332.089999999999975,0.519000000000000,1.344000000000000,25025040600.000000000000000,25025040600.000000000000000,Boston,1830,64470,2064,1562.718296914346183,55,1,55,4992,Boston,MA,1,Hazardous,D,D2,1,0,0,#d9838d,0.055058921679623,0.000135939500000,9377.845203536642657,1320775.474425208987668
1061,957210.177999999956228,10984.954999999999927,25,025,040800,25025040800,0015342,35,3654,3654,0.976000000000000,230.860000000000014,0.361000000000000,0.934000000000000,25025040800.000000000000000,25025040800.000000000000000,Boston,2836,33487,3654,4164.590727499096829,56,1,56,4992,Boston,MA,1,Hazardous,D,D2,1,0,0,#d9838d,0.055058921679623,0.000135939500000,11786.419602980429772,877397.141541993943974
1064,343198.864999999990687,6595.777000000000044,25,025,050300,25025050300,0015355,14,2307,2328,1.000000000000000,84.810000000000002,0.133000000000000,0.343000000000000,25025050300.000000000000000,25025050300.000000000000000,Boston,1580,13925,2328,8047.365283015981731,57,1,57,4995,Boston,MA,1,Hazardous,D,D4,1,0,0,#d9838d,0.060951656114815,0.000089560450000,6304.212694011963322,289287.228568244550843
1067,174478.859999999986030,2001.172000000000025,25,025,050600,25025050600,0015363,26,2081,2245,1.000000000000000,43.109999999999999,0.067000000000000,0.174000000000000,25025050600.000000000000000,25025050600.000000000000000,Boston,1841,37576,2245,12866.858678214706742,58,1,58,4995,Boston,MA,1,Hazardous,D,D4,1,0,0,#d9838d,0.060951656114815,0.000089560450000,1865.336906873005546,174479.261500018037623
1068,267647.347999999998137,2695.610000000000127,25,025,050700,25025050700,0015366,19,4042,4042,1.000000000000000,66.140000000000001,0.103000000000000,0.268000000000000,25025050700.000000000000000,25025050700.000000000000000,Boston,3214,32134,4042,15102.015331543825596,59,1,59,4995,Boston,MA,1,Hazardous,D,D4,1,0,0,#d9838d,0.060951656114815,0.000089560450000,2528.049205644042104,267646.397600816155318
1069,557078.540000000037253,5672.457000000000335,25,025,050900,25025050900,0015370,43,3697,3697,1.000000000000000,137.659999999999997,0.215000000000000,0.557000000000000,25025050900.000000000000000,25025050900.000000000000000,Boston,2914,31903,3697,6687.830253687061486,60,0,60,,,,,,,,,,,,,,5707.844195641951956,552795.130821660743095
1070,1078408.570000000065193,6500.157000000000153,25,025,051000,25025051000,0015374,42,3914,3961,0.999800000000000,266.430000000000007,0.416000000000000,1.078000000000000,25025051000.000000000000000,25025051000.000000000000000,Boston,3261,27944,3961,3781.767917858512646,61,0,61,,,,,,,,,,,,,,6130.468071888513805,1047393.728550899657421
1072,7052699.345999999903142,21540.677999999999884,25,025,051200,25025051200,0015383,40,2669,2622,0.854200000000000,1488.720000000000027,2.326000000000000,6.025000000000000,25025051200.000000000000000,25025051200.000000000000000,Boston,2187,31763,2622,399.038373869062696,62,0,62,,,,,,,,,,,,,,22245.632453301710484,6570796.624337594024837
1073,1238842.857000000076368,9150.595999999999549,25,025,060100,25025060100,0015387,31,3009,3013,1.000000000000000,306.120000000000005,0.478000000000000,1.239000000000000,25025060100.000000000000000,25025060100.000000000000000,Boston,2578,49104,3013,2708.480857807391203,63,0,63,,,,,,,,,,,,,,9298.111701694922886,1112431.712897217134014
1076,457055.777000000001863,3100.362999999999829,25,025,060400,25025060400,0015400,37,4946,4946,1.000000000000000,112.939999999999998,0.176000000000000,0.457000000000000,25025060400.000000000000000,25025060400.000000000000000,Boston,4341,43015,4946,11402.833352790952631,64,1,64,4977,Boston,MA,1,Hazardous,D,D11,1,0,0,#d9838d,0.077485998340870,0.000091966850000,3073.508277850524792,433751.844561458856333
1077,980032.692999999970198,6515.757999999999811,25,025,060500,25025060500,0015406,37,3326,3167,1.000000000000000,242.169999999999987,0.378000000000000,0.980000000000000,25025060500.000000000000000,25025060500.000000000000000,Boston,2773,48475,3167,3301.946486786387595,65,1,65,11583,Boston,MA,1,Industrial,,Industrial,0,0,1,#000000,0.635532746181484,0.001071654250001,6374.965572565624825,959131.231433819048107
1078,1741755.090000000083819,11555.266999999999825,25,025,060600,25025060600,0015412,65,1401,1284,1.000000000000000,430.399999999999977,0.672000000000000,1.742000000000000,25025060600.000000000000000,25025060600.000000000000000,Boston,1165,57292,1284,786.326188458747197,66,1,66,11583,Boston,MA,1,Industrial,,Industrial,0,0,1,#000000,0.635532746181484,0.001071654250001,11954.058427139036212,1632910.131756806047633
1080,337622.121999999973923,2834.838999999999942,25,025,060800,25025060800,0015417,49,3726,3843,1.000000000000000,83.430000000000007,0.130000000000000,0.338000000000000,25025060800.000000000000000,25025060800.000000000000000,Boston,3278,41976,3843,11382.520087095239433,67,1,67,4977,Boston,MA,1,Hazardous,D,D11,1,0,0,#d9838d,0.077485998340870,0.000091966850000,2834.851424473195038,337622.949100431986153
1082,569292.126000000047497,3917.489999999999782,25,025,061100,25025061100,0015426,20,2046,1968,1.000000000000000,140.680000000000007,0.220000000000000,0.569000000000000,25025061100.000000000000000,25025061100.000000000000000,Boston,1371,12132,1968,3488.026267533521604,68,0,68,,,,,,,,,,,,,,3895.316394465518897,564215.934472198365256
1083,1833112.290999999968335,7876.788999999999760,25,025,061200,25025061200,0015429,98,1905,1983,1.000000000000000,452.970000000000027,0.708000000000000,1.833000000000000,25025061200.000000000000000,25025061200.000000000000000,Boston,1770,37188,1983,1093.661516694350439,69,1,69,4978,Boston,MA,1,Hazardous,D,D10,1,0,0,#d9838d,0.055786890121911,0.000091162600000,7848.540882797191443,1813175.255534017458558
1085,275471.369999999995343,2399.398999999999887,25,025,070200,25025070200,0015437,33,4183,4082,1.000000000000000,68.069999999999993,0.106000000000000,0.275000000000000,25025070200.000000000000000,25025070200.000000000000000,Boston,3609,15374,4082,14818.209504267055308,70,1,70,11582,Boston,MA,1,Commercial,,Commercial,0,1,0,#000000,0.149139488500317,0.000191317850000,2399.406400433399540,275471.877950203488581
1086,444706.162000000011176,3678.351999999999862,25,025,070300,25025070300,0015441,46,3552,3556,0.976500000000000,107.310000000000002,0.168000000000000,0.434000000000000,25025070300.000000000000000,25025070300.000000000000000,Boston,3377,62878,3556,8284.109663415320028,71,1,71,4918,Boston,MA,1,Hazardous,D,D7,1,0,0,#d9838d,0.077313440388776,0.000216544950000,4522.067804272487592,429255.543984910938889
1088,302005.239000000001397,2842.679000000000087,25,025,070500,25025070500,0015447,42,5435,5431,1.000000000000000,74.629999999999995,0.117000000000000,0.302000000000000,25025070500.000000000000000,25025070500.000000000000000,Boston,4706,43636,5431,17983.199839712422545,72,1,72,4918,Boston,MA,1,Hazardous,D,D7,1,0,0,#d9838d,0.077313440388776,0.000216544950000,2842.684771793818527,302004.095400568563491
1090,153778.266000000003260,2236.141999999999825,25,025,070700,25025070700,0015455,20,2214,2238,1.000000000000000,38.000000000000000,0.059000000000000,0.154000000000000,25025070700.000000000000000,25025070700.000000000000000,Boston,1922,58843,2238,14553.522482008633233,73,1,73,4918,Boston,MA,1,Hazardous,D,D7,1,0,0,#d9838d,0.077313440388776,0.000216544950000,2236.147166826383909,153777.204299966688268
1092,169188.663999999989755,1737.705999999999904,25,025,070900,25025070900,0015462,22,2853,2865,1.000000000000000,41.810000000000002,0.065000000000000,0.169000000000000,25025070900.000000000000000,25025070900.000000000000000,Boston,2449,39969,2865,16933.810420885307394,74,1,74,4918,Boston,MA,1,Hazardous,D,D7,1,0,0,#d9838d,0.077313440388776,0.000216544950000,1737.707481799742254,169188.146600865060464
1093,368922.340000000025611,2777.635000000000218,25,025,071100,25025071100,0015465,26,3120,3084,1.000000000000000,91.159999999999997,0.142000000000000,0.369000000000000,25025071100.000000000000000,25025071100.000000000000000,Boston,2887,32303,3084,8359.468292277448199,75,0,75,,,,,,,,,,,,,,2777.613641237240245,368922.985550292360131
1095,1012109.452999999979511,5587.618000000000393,25,025,080100,25025080100,0015472,51,3381,3381,1.000000000000000,250.099999999999994,0.391000000000000,1.012000000000000,25025080100.000000000000000,25025080100.000000000000000,Boston,2927,27930,3381,3340.534615992120962,76,1,76,4919,Boston,MA,1,Hazardous,D,D9,1,0,0,#d9838d,0.131393777372663,0.000516958600000,5587.620129556506981,1012113.445498861023225
1096,271521.433000000019092,2648.085000000000036,25,025,080300,25025080300,0015476,17,1682,1645,1.000000000000000,67.090000000000003,0.105000000000000,0.272000000000000,25025080300.000000000000000,25025080300.000000000000000,Boston,1125,23859,1645,6058.480856880564716,77,1,77,4919,Boston,MA,1,Hazardous,D,D9,1,0,0,#d9838d,0.131393777372663,0.000516958600000,2648.076806882265373,271520.210901019454468
1098,362170.211000000010245,2761.402999999999793,25,025,080500,25025080500,0015482,30,3877,3822,1.000000000000000,89.489999999999995,0.140000000000000,0.362000000000000,25025080500.000000000000000,25025080500.000000000000000,Boston,2580,14417,3822,10553.039827498841987,78,1,78,4919,Boston,MA,1,Hazardous,D,D9,1,0,0,#d9838d,0.131393777372663,0.000516958600000,2761.397570778946829,362170.527400145889260
1099,536159.366999999969266,5107.398000000000138,25,025,080600,25025080600,0015486,26,2300,2344,1.000000000000000,132.490000000000009,0.207000000000000,0.536000000000000,25025080600.000000000000000,25025080600.000000000000000,Boston,1768,16958,2344,4371.820205693880780,79,1,79,4920,Boston,MA,1,Hazardous,D,D8,1,0,0,#d9838d,0.124826775947194,0.000430417250000,5107.373822211182414,536161.115900229080580
1101,256093.075000000011642,2472.994000000000142,25,025,080900,25025080900,0015493,17,3564,3580,1.000000000000000,63.280000000000001,0.099000000000000,0.256000000000000,25025080900.000000000000000,25025080900.000000000000000,Boston,3233,32689,3580,13979.183071402534551,80,1,80,4920,Boston,MA,1,Hazardous,D,D8,1,0,0,#d9838d,0.124826775947194,0.000430417250000,2473.018008054772508,256095.079498863575282
1102,605370.126000000047497,4965.182999999999993,25,025,081000,25025081000,0015498,41,4943,4943,1.000000000000000,149.590000000000003,0.234000000000000,0.605000000000000,25025081000.000000000000000,25025081000.000000000000000,Boston,4179,22216,4943,8377.066686920057691,81,1,81,4947,Boston,MA,1,Definitely Declining,C,C6,1,0,0,#ffff00,0.081799928988597,0.000267195699999,5286.876004559659123,590063.346125439624302
1103,601673.479000000050291,4533.204999999999927,25,025,081100,25025081100,0015503,22,3754,3754,0.961000000000000,142.889999999999986,0.223000000000000,0.578000000000000,25025081100.000000000000000,25025081100.000000000000000,Boston,3372,31932,3754,6657.152068812696598,82,1,82,4920,Boston,MA,1,Hazardous,D,D8,1,0,0,#d9838d,0.124826775947194,0.000430417250000,4661.233806831390211,563904.799108716542833
1104,285397.429000000003725,2429.936999999999898,25,025,081200,25025081200,0015507,18,2975,2975,1.000000000000000,70.519999999999996,0.110000000000000,0.285000000000000,25025081200.000000000000000,25025081200.000000000000000,Boston,1997,18967,2975,10424.060557558870642,83,1,83,4920,Boston,MA,1,Hazardous,D,D8,1,0,0,#d9838d,0.124826775947194,0.000430417250000,2429.928681737378611,285397.421050352393650
1105,573952.118999999947846,4073.793000000000120,25,025,081300,25025081300,0015511,31,4142,4142,1.000000000000000,141.830000000000013,0.222000000000000,0.574000000000000,25025081300.000000000000000,25025081300.000000000000000,Boston,3082,20345,4142,7216.585520501202154,84,1,84,4920,Boston,MA,1,Hazardous,D,D8,1,0,0,#d9838d,0.124826775947194,0.000430417250000,4073.784817659429336,573955.645399506436661
1106,654572.633000000030734,4571.221999999999753,25,025,081400,25025081400,0015516,42,2531,2514,1.000000000000000,161.750000000000000,0.253000000000000,0.655000000000000,25025081400.000000000000000,25025081400.000000000000000,Boston,1980,36010,2514,3840.683028388149069,85,1,85,4920,Boston,MA,1,Hazardous,D,D8,1,0,0,#d9838d,0.124826775947194,0.000430417250000,4571.232604676563824,654571.070150267332792
1107,350548.456000000005588,3583.202000000000226,25,025,081500,25025081500,0015521,15,1641,1658,1.000000000000000,86.620000000000005,0.135000000000000,0.351000000000000,25025081500.000000000000000,25025081500.000000000000000,Boston,1198,31507,1658,4729.728679058387570,86,1,86,4919,Boston,MA,1,Hazardous,D,D9,1,0,0,#d9838d,0.131393777372663,0.000516958600000,3583.190529687308299,350548.649300128803588
1108,623291.694000000017695,3517.478999999999814,25,025,081700,25025081700,0015524,33,3722,3722,1.000000000000000,154.020000000000010,0.241000000000000,0.623000000000000,25025081700.000000000000000,25025081700.000000000000000,Boston,2668,27165,3722,5971.510151456096537,87,1,87,4919,Boston,MA,1,Hazardous,D,D9,1,0,0,#d9838d,0.131393777372663,0.000516958600000,3517.466891302221029,623292.920148921664804
1109,370296.743000000016764,3053.494000000000142,25,025,081800,25025081800,0015530,17,2863,2837,1.000000000000000,91.500000000000000,0.143000000000000,0.370000000000000,25025081800.000000000000000,25025081800.000000000000000,Boston,2165,25111,2837,7661.432102230798591,88,1,88,4919,Boston,MA,1,Hazardous,D,D9,1,0,0,#d9838d,0.131393777372663,0.000516958600000,3053.490085914839256,370296.305200426431838
1110,430681.069000000017695,3584.907000000000153,25,025,081900,25025081900,0015534,28,3206,3232,1.000000000000000,106.420000000000002,0.166000000000000,0.431000000000000,25025081900.000000000000000,25025081900.000000000000000,Boston,2292,37500,3232,7504.360914272469017,89,1,89,4919,Boston,MA,1,Hazardous,D,D9,1,0,0,#d9838d,0.131393777372663,0.000516958600000,3584.887061073627137,430682.910499825724401
1111,385416.222000000008848,2560.269999999999982,25,025,082000,25025082000,0015539,21,2806,2806,1.000000000000000,95.239999999999995,0.149000000000000,0.385000000000000,25025082000.000000000000000,25025082000.000000000000000,Boston,2042,26317,2806,7280.468057146836145,90,1,90,4926,Boston,MA,1,Definitely Declining,C,C10,1,0,0,#ffff00,0.133852776337599,0.000484391250000,2560.266881743719296,385414.780749639263377
1112,361544.450000000011642,2504.822999999999865,25,025,082100,25025082100,0015543,20,4251,4251,1.000000000000000,89.340000000000003,0.140000000000000,0.362000000000000,25025082100.000000000000000,25025082100.000000000000000,Boston,2956,18571,4251,11757.903544568363941,91,1,91,4926,Boston,MA,1,Definitely Declining,C,C10,1,0,0,#ffff00,0.133852776337599,0.000484391250000,2504.821600315851811,361544.044300633482635
1113,456973.451000000000931,3262.231000000000222,25,025,090100,25025090100,0015548,34,4588,4588,1.000000000000000,112.920000000000002,0.176000000000000,0.457000000000000,25025090100.000000000000000,25025090100.000000000000000,Boston,3113,29696,4588,10039.975477526693794,92,1,92,4926,Boston,MA,1,Definitely Declining,C,C10,1,0,0,#ffff00,0.133852776337599,0.000484391250000,3262.217475406605899,456973.227700575545896
1114,274790.239000000001397,2483.454999999999927,25,025,090200,25025090200,0015554,16,1996,1976,1.000000000000000,67.900000000000006,0.106000000000000,0.275000000000000,25025090200.000000000000000,25025090200.000000000000000,Boston,1253,23490,1976,7190.928157060983722,93,1,93,4926,Boston,MA,1,Definitely Declining,C,C10,1,0,0,#ffff00,0.133852776337599,0.000484391250000,2483.434050391732853,274790.674700276053045
1115,380934.577999999979511,2804.155000000000200,25,025,090300,25025090300,0015558,22,3130,3150,1.000000000000000,94.129999999999995,0.147000000000000,0.381000000000000,25025090300.000000000000000,25025090300.000000000000000,Boston,1984,24025,3150,8269.176922010861745,94,1,94,4926,Boston,MA,1,Definitely Declining,C,C10,1,0,0,#ffff00,0.133852776337599,0.000484391250000,2804.153344989533707,380932.713099334330764
1116,429459.733000000007451,3106.994000000000142,25,025,090400,25025090400,0015562,34,3255,3255,1.000000000000000,106.120000000000005,0.166000000000000,0.429000000000000,25025090400.000000000000000,25025090400.000000000000000,Boston,2185,24200,3255,7579.264401154309780,95,1,95,4919,Boston,MA,1,Hazardous,D,D9,1,0,0,#d9838d,0.131393777372663,0.000516958600000,3106.981606187789566,429461.202000588469673
1117,301935.403999999980442,2702.695999999999913,25,025,090600,25025090600,0015567,26,2123,2011,1.000000000000000,74.609999999999999,0.117000000000000,0.302000000000000,25025090600.000000000000000,25025090600.000000000000000,Boston,1467,35647,2011,6660.404395038606708,96,1,96,4919,Boston,MA,1,Hazardous,D,D9,1,0,0,#d9838d,0.131393777372663,0.000516958600000,2702.690481340039696,301933.618549950420856
1118,1081396.622999999905005,4303.136999999999716,25,025,090700,25025090700,0015571,43,4518,4611,1.000000000000000,267.220000000000027,0.418000000000000,1.081000000000000,25025090700.000000000000000,25025090700.000000000000000,Boston,3930,35805,4611,4263.946709553185428,97,1,97,4921,Boston,MA,1,Definitely Declining,C,C8,1,0,0,#ffff00,0.204613479201428,0.000573030700000,4303.121372586341749,1081392.501850282773376
1121,426621.452999999979511,2708.126999999999953,25,025,091100,25025091100,0015583,32,5086,5086,1.000000000000000,105.420000000000002,0.165000000000000,0.427000000000000,25025091100.000000000000000,25025091100.000000000000000,Boston,3969,39222,5086,11921.631674575812212,98,1,98,4921,Boston,MA,1,Definitely Declining,C,C8,1,0,0,#ffff00,0.204613479201428,0.000573030700000,2708.108176550430471,426619.454352582688443
1123,259522.252999999996973,2461.110000000000127,25,025,091300,25025091300,0015593,21,2409,2337,1.000000000000000,64.129999999999995,0.100000000000000,0.260000000000000,25025091300.000000000000000,25025091300.000000000000000,Boston,1645,27153,2337,9004.963874222590675,99,1,99,4921,Boston,MA,1,Definitely Declining,C,C8,1,0,0,#ffff00,0.204613479201428,0.000573030700000,2461.102795063344274,259523.528649553423747
1126,315482.022999999986496,3108.351000000000113,25,025,091600,25025091600,0015605,21,3448,3448,1.000000000000000,77.959999999999994,0.122000000000000,0.315000000000000,25025091600.000000000000000,25025091600.000000000000000,Boston,2450,37308,3448,10929.291149540391416,100,1,100,4921,Boston,MA,1,Definitely Declining,C,C8,1,0,0,#ffff00,0.204613479201428,0.000573030700000,3108.339909403450747,315482.491299996036105
1128,433541.155000000027940,2682.400999999999840,25,025,091800,25025091800,0015613,21,3547,3547,1.000000000000000,107.129999999999995,0.167000000000000,0.434000000000000,25025091800.000000000000000,25025091800.000000000000000,Boston,2377,37363,3547,8181.452849542833974,101,1,101,4921,Boston,MA,1,Definitely Declining,C,C8,1,0,0,#ffff00,0.204613479201428,0.000573030700000,2682.416945462571675,433541.580600589863025
1132,577381.513000000035390,3394.141000000000076,25,025,092200,25025092200,0015633,36,3671,3676,1.000000000000000,142.669999999999987,0.223000000000000,0.577000000000000,25025092200.000000000000000,25025092200.000000000000000,Boston,2815,50039,3676,6366.670174877261161,102,1,102,4925,Boston,MA,1,Definitely Declining,C,C9,1,0,0,#ffff00,0.240178684745193,0.000482361150000,3394.128675141199892,577381.880799387814477
1134,601093.216000000014901,4093.695999999999913,25,025,092400,25025092400,0015643,30,6470,6470,1.000000000000000,148.530000000000001,0.232000000000000,0.601000000000000,25025092400.000000000000000,25025092400.000000000000000,Boston,4183,22846,6470,10763.668509205399459,103,1,103,4926,Boston,MA,1,Definitely Declining,C,C10,1,0,0,#ffff00,0.133852776337599,0.000484391250000,4093.685722110396910,601096.177800967125222
1137,486909.228000000002794,3219.878999999999905,25,025,100300,25025100300,0015659,31,3661,3687,1.000000000000000,120.319999999999993,0.188000000000000,0.487000000000000,25025100300.000000000000000,25025100300.000000000000000,Boston,2572,34167,3687,7572.240670098019109,104,1,104,4926,Boston,MA,1,Definitely Declining,C,C10,1,0,0,#ffff00,0.133852776337599,0.000484391250000,3219.884248388556898,486910.039000685093924
1140,558589.000000000000000,3390.965000000000146,25,025,100601,25025100601,0015675,34,5666,5666,1.000000000000000,138.030000000000001,0.216000000000000,0.559000000000000,25025100601.000000000000000,25025100601.000000000000000,Boston,4379,41870,5666,10143.386239219793424,105,1,105,4921,Boston,MA,1,Definitely Declining,C,C8,1,0,0,#ffff00,0.204613479201428,0.000573030700000,3390.963722873761981,558590.579750595847145
1144,982891.998000000021420,6204.300000000000182,25,025,100900,25025100900,0015697,48,4250,4250,0.984800000000000,239.189999999999998,0.374000000000000,0.968000000000000,25025100900.000000000000000,25025100900.000000000000000,Boston,3267,47109,4250,4487.936488529070630,106,1,106,4925,Boston,MA,1,Definitely Declining,C,C9,1,0,0,#ffff00,0.240178684745193,0.000482361150000,7110.169629523756157,946983.098103722441010
1147,385343.392999999981839,2804.153999999999996,25,025,101101,25025101101,0015714,20,3205,3205,1.000000000000000,95.219999999999999,0.149000000000000,0.385000000000000,25025101101.000000000000000,25025101101.000000000000000,Boston,2258,35867,3205,8317.265909962332444,107,1,107,4927,Boston,MA,1,Definitely Declining,C,C11,1,0,0,#ffff00,0.112249603159706,0.000486838900000,2804.162533956750394,385342.976249092316721
1150,1072027.564999999944121,6045.639000000000124,25,025,110200,25025110200,0015731,17,2115,2061,0.996200000000000,263.899999999999977,0.412000000000000,1.068000000000000,25025110200.000000000000000,25025110200.000000000000000,Boston,1528,32891,2061,1922.519983627801139,108,0,108,,,,,,,,,,,,,,6045.625937838690334,1072030.469150644028559
1152,513020.608000000007451,3125.791000000000167,25,025,110401,25025110401,0015736,26,3756,3756,1.000000000000000,126.769999999999996,0.198000000000000,0.513000000000000,25025110401.000000000000000,25025110401.000000000000000,Boston,2773,45938,3756,7321.352756165447317,109,1,109,4945,Boston,MA,1,Definitely Declining,C,C14,1,0,0,#ffff00,0.181683319289241,0.000752713149999,3125.804550019454837,513019.946598940063268
1155,690747.212000000057742,3799.373999999999796,25,025,110502,25025110502,0015749,42,3995,4085,1.000000000000000,170.689999999999998,0.267000000000000,0.691000000000000,25025110502.000000000000000,25025110502.000000000000000,Boston,3275,51964,4085,5913.880941587398411,110,1,110,4945,Boston,MA,1,Definitely Declining,C,C14,1,0,0,#ffff00,0.181683319289241,0.000752713149999,3799.372242412469404,690747.757749669603072
1159,2567266.469000000040978,7709.067000000000007,25,025,120102,25025120102,0015765,44,3562,3622,0.911700000000000,578.399999999999977,0.904000000000000,2.341000000000000,25025120102.000000000000000,25025120102.000000000000000,Boston,3090,98906,3622,1581.686025577450891,111,1,111,9543,Boston,MA,1,Best,A,A1,1,0,0,#76a865,0.086626935630888,0.000235231999999,10300.085590380562280,2289961.434462101664394
1163,229711.032000000006519,2373.264999999999873,25,025,120500,25025120500,0015787,20,2480,2541,1.000000000000000,56.759999999999998,0.089000000000000,0.230000000000000,25025120500.000000000000000,25025120500.000000000000000,Boston,1907,40968,2541,11061.749246198412948,112,1,112,4920,Boston,MA,1,Hazardous,D,D8,1,0,0,#d9838d,0.124826775947194,0.000430417250000,2373.270696105161733,229710.504500295442995
1164,259099.314000000013039,1981.412000000000035,25,025,120600,25025120600,0015791,15,2368,2415,1.000000000000000,64.019999999999996,0.100000000000000,0.259000000000000,25025120600.000000000000000,25025120600.000000000000000,Boston,2080,55194,2415,9320.753629986897067,113,1,113,4922,Boston,MA,1,Definitely Declining,C,C12,1,0,0,#ffff00,0.082891243783207,0.000188379450000,1981.401179940610291,259099.220499769318849
1167,1363267.962999999988824,5443.627000000000407,25,025,130200,25025130200,0015806,68,4689,4689,1.000000000000000,336.870000000000005,0.526000000000000,1.363000000000000,25025130200.000000000000000,25025130200.000000000000000,Boston,3861,68143,4689,3439.538246854022418,114,1,114,4943,Boston,MA,1,Still Desirable,B,B5,1,0,0,#7cb5bd,0.156522730803635,0.000384183400000,5443.630956008462817,1363264.387098703999072
1171,2414997.794999999925494,6841.173999999999978,25,025,140102,25025140102,0015830,64,4122,4124,0.980600000000000,585.169999999999959,0.914000000000000,2.368000000000000,25025140102.000000000000000,25025140102.000000000000000,Boston,3201,49444,4124,1781.332900349985493,115,1,115,4930,Boston,MA,1,Definitely Declining,C,C17,1,0,0,#ffff00,0.210496574971468,0.000704859200000,11200.251262515317649,2315120.323208391666412
1174,1415320.760999999940395,7144.545000000000073,25,025,140201,25025140201,0015843,35,2018,2041,0.985200000000000,344.569999999999993,0.538000000000000,1.394000000000000,25025140201.000000000000000,25025140201.000000000000000,Boston,1699,42986,2041,1501.215081462481749,116,1,116,4930,Boston,MA,1,Definitely Declining,C,C17,1,0,0,#ffff00,0.210496574971468,0.000704859200000,10146.602384992767838,1359565.344901585020125
1191,1854881.112999999895692,6884.725000000000364,25,025,170700,25025170700,0015938,79,8315,8315,0.998000000000000,457.449999999999989,0.715000000000000,1.851000000000000,25025170700.000000000000000,25025170700.000000000000000,Boston,6319,30037,8315,389445.440236229798757,117,0,117,,,,,,,,,,,,,,1280.426368778625829,21350.872653577065648
1195,1547195.692000000039116,8297.934999999999491,25,025,180300,25025180300,0015960,47,3191,3276,0.985000000000000,376.589999999999975,0.588000000000000,1.524000000000000,25025180300.000000000000000,25025180300.000000000000000,Boston,2653,67614,3276,111233.376853783265688,118,0,118,,,,,,,,,,,,,,2250.724713246748252,29451.591713396559499
1119,1010840.773999999975786,5358.557999999999993,25,025,090900,25025090900,0015576,24,3190,3209,1.000000000000000,249.780000000000001,0.390000000000000,1.011000000000000,25025090900.000000000000000,25025090900.000000000000000,Boston,2397,32731,3209,3175.012938012629093,119,0,119,,,,,,,,,,,,,,5363.630298507654516,1010704.542832082137465
1120,1207820.222000000067055,8332.045000000000073,25,025,091000,25025091000,0015578,31,2772,2772,0.989500000000000,295.329999999999984,0.461000000000000,1.195000000000000,25025091000.000000000000000,25025091000.000000000000000,Boston,2228,44957,2772,2405.292650475228584,120,1,120,4921,Boston,MA,1,Definitely Declining,C,C8,1,0,0,#ffff00,0.204613479201428,0.000573030700000,9258.920763115353111,1152458.516618474153802
1122,315559.000000000000000,2677.411999999999807,25,025,091200,25025091200,0015589,22,3458,3530,1.000000000000000,77.980000000000004,0.122000000000000,0.316000000000000,25025091200.000000000000000,25025091200.000000000000000,Boston,2563,36929,3530,11186.507633861729119,121,1,121,4921,Boston,MA,1,Definitely Declining,C,C8,1,0,0,#ffff00,0.204613479201428,0.000573030700000,2677.438026360964614,315558.717299279058352
1124,325617.450000000011642,2567.967999999999847,25,025,091400,25025091400,0015597,23,2440,2443,1.000000000000000,80.459999999999994,0.126000000000000,0.326000000000000,25025091400.000000000000000,25025091400.000000000000000,Boston,1765,27083,2443,7502.656347635050224,122,1,122,4921,Boston,MA,1,Definitely Declining,C,C8,1,0,0,#ffff00,0.204613479201428,0.000573030700000,2567.967655906151322,325618.006050626339857
1125,401245.490999999979977,2805.842999999999847,25,025,091500,25025091500,0015601,22,4795,4792,1.000000000000000,99.150000000000006,0.155000000000000,0.401000000000000,25025091500.000000000000000,25025091500.000000000000000,Boston,3391,32004,4792,11942.795623898196936,123,1,123,4921,Boston,MA,1,Definitely Declining,C,C8,1,0,0,#ffff00,0.204613479201428,0.000573030700000,2805.858958591340979,401246.086001081857830
1127,291585.640000000013970,2791.880999999999858,25,025,091700,25025091700,0015609,17,3347,3347,1.000000000000000,72.049999999999997,0.113000000000000,0.292000000000000,25025091700.000000000000000,25025091700.000000000000000,Boston,2334,35264,3347,11478.625285926889774,124,1,124,4921,Boston,MA,1,Definitely Declining,C,C8,1,0,0,#ffff00,0.204613479201428,0.000573030700000,2791.881099196501509,291585.439599941833876
1129,473089.386999999987893,2943.092999999999847,25,025,091900,25025091900,0015617,28,3684,3684,1.000000000000000,116.900000000000006,0.183000000000000,0.473000000000000,25025091900.000000000000000,25025091900.000000000000000,Boston,2488,32721,3684,7787.138020789217080,125,1,125,4925,Boston,MA,1,Definitely Declining,C,C9,1,0,0,#ffff00,0.240178684745193,0.000482361150000,2943.087960634773481,473087.800699676212389
1130,489243.570000000006985,3585.434000000000196,25,025,092000,25025092000,0015622,31,5347,5347,1.000000000000000,120.890000000000001,0.189000000000000,0.489000000000000,25025092000.000000000000000,25025092000.000000000000000,Boston,3818,38939,5347,10929.075861018513024,126,1,126,4921,Boston,MA,1,Definitely Declining,C,C8,1,0,0,#ffff00,0.204613479201428,0.000573030700000,3585.419072060756662,489245.391650314442813
1131,1272241.097000000067055,5669.207000000000335,25,025,092100,25025092100,0015627,75,6859,6859,1.000000000000000,314.379999999999995,0.491000000000000,1.272000000000000,25025092100.000000000000000,25025092100.000000000000000,Boston,5245,40133,6859,5419.131031433214957,127,1,127,4924,Boston,MA,1,Hazardous,D,D12,1,0,0,#d9838d,0.112621332764584,0.000176837950000,5678.952623137890441,1265701.080157491378486
1133,343543.385999999998603,2429.842000000000098,25,025,092300,25025092300,0015638,29,3079,3074,1.000000000000000,84.890000000000001,0.133000000000000,0.344000000000000,25025092300.000000000000000,25025092300.000000000000000,Boston,2154,31842,3074,8947.940116255673274,128,1,128,4925,Boston,MA,1,Definitely Declining,C,C9,1,0,0,#ffff00,0.240178684745193,0.000482361150000,2429.842235936850557,343542.755099073750898
1135,847202.432999999960884,3985.525999999999840,25,025,100100,25025100100,0015648,40,5430,5430,1.000000000000000,209.349999999999994,0.327000000000000,0.847000000000000,25025100100.000000000000000,25025100100.000000000000000,Boston,3624,23524,5430,6409.338315367658652,129,1,129,4926,Boston,MA,1,Definitely Declining,C,C10,1,0,0,#ffff00,0.133852776337599,0.000484391250000,3985.535829566412303,847201.338550111977383
1136,362855.951000000000931,2795.702999999999975,25,025,100200,25025100200,0015655,25,2663,2637,1.000000000000000,89.659999999999997,0.140000000000000,0.363000000000000,25025100200.000000000000000,25025100200.000000000000000,Boston,1808,35825,2637,7267.377141265092177,130,1,130,4926,Boston,MA,1,Definitely Declining,C,C10,1,0,0,#ffff00,0.133852776337599,0.000484391250000,2795.693800245899638,362854.431350036640652
1138,616374.567999999970198,3668.192000000000007,25,025,100400,25025100400,0015664,28,5228,5317,1.000000000000000,152.310000000000002,0.238000000000000,0.616000000000000,25025100400.000000000000000,25025100400.000000000000000,Boston,4028,41268,5317,8626.258096015908450,131,1,131,5650,Boston,MA,1,Still Desirable,B,B8,1,0,0,#7cb5bd,0.064795244131669,0.000080352050000,3668.196371066747815,616373.860000281012617
1139,868131.500000000000000,4393.078000000000429,25,025,100500,25025100500,0015669,51,6556,6556,1.000000000000000,214.520000000000010,0.335000000000000,0.868000000000000,25025100500.000000000000000,25025100500.000000000000000,Boston,4819,31551,6556,7551.827154500272627,132,1,132,4925,Boston,MA,1,Definitely Declining,C,C9,1,0,0,#ffff00,0.240178684745193,0.000482361150000,4393.098141414154270,868134.276099415146746
1141,902862.538999999989755,6181.591999999999643,25,025,100602,25025100602,0015680,46,1941,1852,1.000000000000000,223.099999999999994,0.349000000000000,0.903000000000000,25025100602.000000000000000,25025100602.000000000000000,Boston,1545,41848,1852,2222.347221167096450,133,1,133,4924,Boston,MA,1,Hazardous,D,D12,1,0,0,#d9838d,0.112621332764584,0.000176837950000,7157.885064285266708,833353.124282440752722
1142,1221775.898999999975786,5442.100000000000364,25,025,100700,25025100700,0015684,55,4384,4384,0.994000000000000,300.100000000000023,0.469000000000000,1.214000000000000,25025100700.000000000000000,25025100700.000000000000000,Boston,3622,45566,4384,3723.251162911206393,134,1,134,4925,Boston,MA,1,Definitely Declining,C,C9,1,0,0,#ffff00,0.240178684745193,0.000482361150000,6433.757275348308212,1177465.555821422254667
1143,1692734.054000000003725,7144.711000000000240,25,025,100800,25025100800,0015690,59,5512,5512,1.000000000000000,418.279999999999973,0.654000000000000,1.693000000000000,25025100800.000000000000000,25025100800.000000000000000,Boston,4546,42392,5512,3323.467085306645004,135,1,135,4925,Boston,MA,1,Definitely Declining,C,C9,1,0,0,#ffff00,0.240178684745193,0.000482361150000,7611.075445967538144,1658508.978280260693282
1145,1541102.144000000087544,5581.015000000000327,25,025,101001,25025101001,0015703,62,6172,6172,1.000000000000000,380.810000000000002,0.595000000000000,1.541000000000000,25025101001.000000000000000,25025101001.000000000000000,Boston,4634,37635,6172,4008.635486615620721,136,1,136,4927,Boston,MA,1,Definitely Declining,C,C11,1,0,0,#ffff00,0.112249603159706,0.000486838900000,5584.855151490556636,1539676.037047421326861
1146,1178034.655000000027940,5111.706000000000131,25,025,101002,25025101002,0015710,43,5405,5405,1.000000000000000,291.100000000000023,0.455000000000000,1.178000000000000,25025101002.000000000000000,25025101002.000000000000000,Boston,3969,36742,5405,4618.265807751758075,137,1,137,4927,Boston,MA,1,Definitely Declining,C,C11,1,0,0,#ffff00,0.112249603159706,0.000486838900000,5126.222548168885623,1170352.730873071355745
1148,553573.003999999957159,4273.487000000000080,25,025,101102,25025101102,0015718,28,4942,4942,1.000000000000000,136.789999999999992,0.214000000000000,0.554000000000000,25025101102.000000000000000,25025101102.000000000000000,Boston,3454,30496,4942,8927.460261337953852,138,1,138,4927,Boston,MA,1,Definitely Declining,C,C11,1,0,0,#ffff00,0.112249603159706,0.000486838900000,4273.489752900149142,553572.892550668795593
1149,4985660.252000000327826,12248.738999999999578,25,025,110100,25025110100,0015723,90,6820,6820,0.992700000000000,1222.980000000000018,1.911000000000000,4.949000000000000,25025110100.000000000000000,25025110100.000000000000000,Boston,5429,41771,6820,1381.273212331436071,139,0,139,,,,,,,,,,,,,,17050.957034461494914,4937473.585322483442724
1151,789269.364999999990687,3972.567000000000007,25,025,110300,25025110300,0015733,26,2360,2414,1.000000000000000,195.030000000000001,0.305000000000000,0.789000000000000,25025110300.000000000000000,25025110300.000000000000000,Boston,1951,51667,2414,3058.523282137082333,140,1,140,4945,Boston,MA,1,Definitely Declining,C,C14,1,0,0,#ffff00,0.181683319289241,0.000752713149999,3972.568275599421668,789269.780648282496259
1153,934325.162999999942258,4399.224000000000160,25,025,110402,25025110402,0015739,35,4409,4409,0.991800000000000,228.979999999999990,0.358000000000000,0.927000000000000,25025110402.000000000000000,25025110402.000000000000000,Boston,3507,50410,4409,4718.924286613791082,141,1,141,4945,Boston,MA,1,Definitely Declining,C,C14,1,0,0,#ffff00,0.181683319289241,0.000752713149999,4399.213074557203981,934323.106752749648876
1154,623831.763999999966472,3639.197999999999865,25,025,110501,25025110501,0015745,43,3285,3285,1.000000000000000,154.150000000000006,0.241000000000000,0.624000000000000,25025110501.000000000000000,25025110501.000000000000000,Boston,2721,55754,3285,5265.848567445855224,142,1,142,4945,Boston,MA,1,Definitely Declining,C,C14,1,0,0,#ffff00,0.181683319289241,0.000752713149999,3639.203270491410422,623831.080200119642541
1156,1411215.648000000044703,5089.872999999999593,25,025,110601,25025110601,0015753,44,2645,2555,1.000000000000000,348.720000000000027,0.545000000000000,1.411000000000000,25025110601.000000000000000,25025110601.000000000000000,Boston,2079,65764,2555,1830.283086096545503,143,0,143,,,,,,,,,,,,,,8258.042282077267373,1395958.919911707285792
1157,1479708.970999999903142,5770.020000000000437,25,025,110602,25025110602,0015756,49,5662,5662,1.000000000000000,365.639999999999986,0.571000000000000,1.480000000000000,25025110602.000000000000000,25025110602.000000000000000,Boston,4874,59524,5662,3827.380190031021812,144,1,144,4945,Boston,MA,1,Definitely Declining,C,C14,1,0,0,#ffff00,0.181683319289241,0.000752713149999,6142.163472215944239,1479340.885639612562954
1158,1316020.878000000026077,5365.110999999999876,25,025,120101,25025120101,0015761,33,2421,2361,0.999000000000000,324.860000000000014,0.508000000000000,1.315000000000000,25025120101.000000000000000,25025120101.000000000000000,Boston,2034,49405,2361,1802.704541795693103,145,0,145,,,,,,,,,,,,,,7992.304311475975737,1309698.813787967199460
1160,699872.189000000013039,3713.262000000000171,25,025,120200,25025120200,0015771,28,3423,3423,1.000000000000000,172.939999999999998,0.270000000000000,0.700000000000000,25025120200.000000000000000,25025120200.000000000000000,Boston,2926,40245,3423,4890.925987852009712,146,1,146,4920,Boston,MA,1,Hazardous,D,D8,1,0,0,#d9838d,0.124826775947194,0.000430417250000,3713.263672091190074,699867.470597997889854
1161,579309.652000000001863,3291.768000000000029,25,025,120300,25025120300,0015775,37,4582,4582,1.000000000000000,143.150000000000006,0.224000000000000,0.579000000000000,25025120300.000000000000000,25025120300.000000000000000,Boston,3440,37040,4582,7909.429122954754348,147,1,147,4920,Boston,MA,1,Hazardous,D,D8,1,0,0,#d9838d,0.124826775947194,0.000430417250000,3291.764593915235309,579308.560551116708666
1162,1019136.614999999990687,5565.515999999999622,25,025,120400,25025120400,0015781,59,5585,5538,1.000000000000000,251.830000000000013,0.393000000000000,1.019000000000000,25025120400.000000000000000,25025120400.000000000000000,Boston,4961,55625,5538,5434.010594771448268,148,1,148,4922,Boston,MA,1,Definitely Declining,C,C12,1,0,0,#ffff00,0.082891243783207,0.000188379450000,5565.506681471906631,1019136.768950838828459
1165,367166.711999999999534,3812.925999999999931,25,025,120700,25025120700,0015795,9,2086,2025,0.987000000000000,89.549999999999997,0.140000000000000,0.362000000000000,25025120700.000000000000000,25025120700.000000000000000,Boston,1757,45355,2025,5716.526572314004625,149,1,149,4922,Boston,MA,1,Definitely Declining,C,C12,1,0,0,#ffff00,0.082891243783207,0.000188379450000,4324.391936272208113,354236.086263882520143
1166,4417059.235999999567866,10618.263999999999214,25,025,130100,25025130100,0015798,99,5041,5041,1.000000000000000,1091.480000000000018,1.705000000000000,4.417000000000000,25025130100.000000000000000,25025130100.000000000000000,Boston,4269,60298,5041,1175.227579522660562,150,0,150,,,,,,,,,,,,,,20663.334361874287424,4289381.978295208886266
1168,1566302.094999999972060,5457.195999999999913,25,025,130300,25025130300,0015812,83,4340,4340,1.000000000000000,387.040000000000020,0.605000000000000,1.566000000000000,25025130300.000000000000000,25025130300.000000000000000,Boston,3504,65156,4340,2770.858144624352462,151,1,151,4943,Boston,MA,1,Still Desirable,B,B5,1,0,0,#7cb5bd,0.156522730803635,0.000384183400000,5457.187637258107316,1566301.764101452426985
1169,3220195.430000000167638,8883.915000000000873,25,025,130401,25025130401,0015818,65,7531,7531,0.992700000000000,789.889999999999986,1.234000000000000,3.197000000000000,25025130401.000000000000000,25025130401.000000000000000,Boston,5932,34346,7531,2358.128280969397110,152,1,152,4940,Boston,MA,1,Definitely Declining,C,C16,1,0,0,#ffff00,0.120705402684334,0.000374478500000,9976.953418526127280,3193634.570594310294837
1170,2222486.472000000067055,8054.903000000000247,25,025,130402,25025130402,0015824,88,4507,4507,0.954000000000000,523.909999999999968,0.819000000000000,2.120000000000000,25025130402.000000000000000,25025130402.000000000000000,Boston,3845,54125,4507,2180.278786890936772,153,1,153,4940,Boston,MA,1,Definitely Declining,C,C16,1,0,0,#ffff00,0.120705402684334,0.000374478500000,8783.406759871673785,2067166.835314190480858
1172,959405.197000000043772,4029.722000000000207,25,025,140103,25025140103,0015835,36,3596,3596,1.000000000000000,237.069999999999993,0.370000000000000,0.959000000000000,25025140103.000000000000000,25025140103.000000000000000,Boston,2719,51071,3596,3748.143995389907559,154,1,154,4930,Boston,MA,1,Definitely Declining,C,C17,1,0,0,#ffff00,0.210496574971468,0.000704859200000,4029.730772987865748,959408.177600156399421
1173,2942355.995000000111759,7931.729000000000269,25,025,140104,25025140104,0015838,44,4999,4999,0.993400000000000,722.259999999999991,1.129000000000000,2.923000000000000,25025140104.000000000000000,25025140104.000000000000000,Boston,3616,27030,4999,1718.927725938242929,155,1,155,4930,Boston,MA,1,Definitely Declining,C,C17,1,0,0,#ffff00,0.210496574971468,0.000704859200000,9465.192694820967517,2908208.370000777300447
1175,1572869.063000000081956,5697.452000000000226,25,025,140202,25025140202,0015846,64,5493,5470,1.000000000000000,388.660000000000025,0.607000000000000,1.573000000000000,25025140202.000000000000000,25025140202.000000000000000,Boston,4253,50460,5470,3585.220019723118185,156,1,156,4930,Boston,MA,1,Definitely Declining,C,C17,1,0,0,#ffff00,0.210496574971468,0.000704859200000,6736.425973994626474,1525708.316339938668534
1176,1575282.651000000070781,7371.836000000000240,25,025,140300,25025140300,0015852,92,6214,6214,1.000000000000000,389.259999999999991,0.608000000000000,1.575000000000000,25025140300.000000000000000,25025140300.000000000000000,Boston,4769,41209,6214,4016.219578334521429,157,1,157,4930,Boston,MA,1,Definitely Declining,C,C17,1,0,0,#ffff00,0.210496574971468,0.000704859200000,9669.756350385659971,1547226.161020028637722
1177,1878088.536000000080094,8340.682000000000698,25,025,140400,25025140400,0015859,74,7978,7978,1.000000000000000,464.089999999999975,0.725000000000000,1.878000000000000,25025140400.000000000000000,25025140400.000000000000000,Boston,6066,42986,7978,4265.104460426799960,158,1,158,4928,Boston,MA,1,Still Desirable,B,B7,1,0,0,#7cb5bd,0.015907193658900,0.000015309200000,8328.203444459679304,1870528.629256986314431
1178,3431250.881000000052154,24732.812000000001717,25,025,150100,25025150100,0015867,17,640,638,1.000000000000000,847.879999999999995,1.325000000000000,3.431000000000000,25025150100.000000000000000,25025150100.000000000000000,Boston,631,,638,231.296652546441265,159,0,159,,,,,,,,,,,,,,24965.992804738507402,2758362.444834337569773
1192,859578.037999999942258,4776.060000000000400,25,025,170800,25025170800,0015946,76,4717,4717,1.000000000000000,212.409999999999997,0.332000000000000,0.860000000000000,25025170800.000000000000000,25025170800.000000000000000,Boston,3903,39435,4717,786257351.297955989837646,160,1,160,4996,Boston,MA,1,Definitely Declining,C,C3,1,0,0,#ffff00,0.082861363291419,0.000191270800000,13.186855502574909,5.999307977487476
1197,752860.108000000007451,7719.203000000000429,25,025,180500,25025180500,0015968,77,4274,4274,1.000000000000000,186.039999999999992,0.291000000000000,0.753000000000000,25025180500.000000000000000,25025180500.000000000000000,Boston,3577,54688,4274,1928726.471215746598318,161,0,161,,,,,,,,,,,,,,227.533318920378946,2215.970000819215329
671,1029860.091000000014901,5456.083999999999833,25,017,352100,25017352100,0010346,54,3042,3079,0.780700000000000,198.659999999999997,0.310000000000000,0.804000000000000,25017352100.000000000000000,,,,,,,162,1,162,11584,Cambridge,MA,1,Industrial,,Industrial,0,0,1,#000000,0.222455665024802,0.000269913250000,1354.747094488697030,4178.182691175693435
653,3860838.700999999884516,14178.335999999999331,25,017,342400,25017342400,0010251,96,5685,5685,0.998200000000000,952.360000000000014,1.488000000000000,3.854000000000000,25017342400.000000000000000,,,,,,,163,0,163,,,,,,,,,,,,,,854.923489963236875,1861.729427665065714
656,1808604.098999999929219,6378.756999999999607,25,017,350100,25017350100,0010264,89,8964,8964,0.991600000000000,443.139999999999986,0.692000000000000,1.793000000000000,25017350100.000000000000000,,,,,,,164,1,164,11583,Boston,MA,1,Industrial,,Industrial,0,0,1,#000000,0.635532746181484,0.001071654250001,1078.300817857231323,2211.904506345341815
669,796303.185000000055879,4599.300000000000182,25,017,351400,25017351400,0010334,67,8881,8881,1.000000000000000,196.770000000000010,0.307000000000000,0.796000000000000,25017351400.000000000000000,,,,,,,165,1,165,5029,Cambridge,MA,1,Hazardous,D,D1,1,0,0,#d9838d,0.179903541002604,0.000416745950000,1004.847453553133164,2646.543613856147658
670,1355551.154000000096858,5495.302999999999884,25,017,351500,25017351500,0010343,62,2066,2086,1.000000000000000,334.959999999999980,0.523000000000000,1.356000000000000,25017351500.000000000000000,,,,,,,166,1,166,11583,Boston,MA,1,Industrial,,Industrial,0,0,1,#000000,0.635532746181484,0.001071654250001,1096.428679147861658,1919.005489144935609
691,625698.623000000021420,4066.592999999999847,25,017,354100,25017354100,0010419,36,2704,2660,0.976600000000000,150.990000000000009,0.236000000000000,0.611000000000000,25017354100.000000000000000,,,,,,,167,0,167,,,,,,,,,,,,,,342.153693636426453,1812.375983925128139
767,3358074.660999999847263,10286.864999999999782,25,017,373600,25017373600,0010798,71,6434,6434,0.982700000000000,815.450000000000045,1.274000000000000,3.300000000000000,25017373600.000000000000000,,,,,,,168,0,168,,,,,,,,,,,,,,1074.945939555844689,9622.604335116920993
762,1735334.544999999925494,7139.966000000000349,25,017,373100,25017373100,0010775,95,4846,4846,1.000000000000000,428.810000000000002,0.670000000000000,1.735000000000000,25017373100.000000000000000,,,,,,,169,1,169,5015,Boston,MA,1,Still Desirable,B,B1,1,0,0,#7cb5bd,0.031988791003674,0.000049187150000,894.030055873172614,1457.617659563418101
770,4450393.387000000104308,9525.968000000000757,25,017,373900,25017373900,0010812,83,6322,6322,1.000000000000000,1099.720000000000027,1.718000000000000,4.450000000000000,25017373900.000000000000000,,,,,,,170,0,170,,,,,,,,,,,,,,3077.433538568204312,20750.439675309069571
771,5127605.470999999903142,12090.091000000000349,25,017,374000,25017374000,0010816,78,5040,5040,0.996900000000000,1263.119999999999891,1.974000000000000,5.112000000000000,25017374000.000000000000000,,,,,,,171,0,171,,,,,,,,,,,,,,3318.291139001305055,30866.051137431826646
810,886690.064999999944121,3757.628000000000156,25,021,400100,25021400100,0012053,43,4968,4968,1.000000000000000,219.110000000000014,0.342000000000000,0.887000000000000,25021400100.000000000000000,,,,,,,172,1,172,4947,Boston,MA,1,Definitely Declining,C,C6,1,0,0,#ffff00,0.081799928988597,0.000267195699999,849.201862113847938,5331.457000443054312
812,531933.685999999986961,3547.407999999999902,25,021,400300,25021400300,0012062,25,4448,4448,1.000000000000000,131.439999999999998,0.205000000000000,0.532000000000000,25021400300.000000000000000,,,,,,,173,1,173,4979,Brookline,MA,1,Definitely Declining,C,C2,1,0,0,#ffff00,0.212979659525282,0.000419592550000,1958.901579097986541,14313.091608957223798
818,404119.653999999980442,2842.646999999999935,25,021,400900,25021400900,0012086,25,4135,4135,1.000000000000000,99.859999999999999,0.156000000000000,0.404000000000000,25021400900.000000000000000,,,,,,,174,0,174,,,,,,,,,,,,,,248.497218812307494,440.769143859636472
823,1966165.164000000106171,6371.585000000000036,25,021,402102,25021402102,0012108,71,4171,4217,0.988300000000000,480.149999999999977,0.750000000000000,1.943000000000000,25021402102.000000000000000,,,,,,,175,1,175,4933,Dedham,MA,1,Hazardous,D,D2,1,0,0,#d9838d,0.090950751239671,0.000171146750000,3885.252433199462303,14362.661849696407444
870,2784054.444999999832362,7891.904000000000451,25,021,416300,25021416300,0012337,67,4766,4766,0.964600000000000,663.629999999999995,1.037000000000000,2.686000000000000,25021416300.000000000000000,,,,,,,176,1,176,4953,Milton,MA,1,Best,A,A1,1,0,0,#76a865,0.107499407900551,0.000392742250000,1565.762275059803642,9743.704391923942239
811,518327.907999999995809,3489.565999999999804,25,021,400200,25021400200,0012058,30,5869,5869,1.000000000000000,128.080000000000013,0.200000000000000,0.518000000000000,25021400200.000000000000000,,,,,,,177,1,177,4979,Brookline,MA,1,Definitely Declining,C,C2,1,0,0,#ffff00,0.212979659525282,0.000419592550000,97.763801181561718,375.062613774524323
813,764117.898999999975786,4137.060999999999694,25,021,400400,25021400400,0012066,29,5617,5617,1.000000000000000,188.819999999999993,0.295000000000000,0.764000000000000,25021400400.000000000000000,,,,,,,178,1,178,4979,Brookline,MA,1,Definitely Declining,C,C2,1,0,0,#ffff00,0.212979659525282,0.000419592550000,1561.314385948811378,8975.789344460425127
815,1216678.429000000003725,5574.960000000000036,25,021,400600,25021400600,0012074,41,5114,5114,1.000000000000000,300.649999999999977,0.470000000000000,1.217000000000000,25021400600.000000000000000,,,,,,,179,1,179,4981,Brookline,MA,1,Still Desirable,B,B2,1,0,0,#7cb5bd,0.018347235887471,0.000012935250000,769.520407847616752,2930.457232651741379
819,635855.836000000010245,3456.489999999999782,25,021,401000,25021401000,0012090,29,3558,3558,1.000000000000000,157.120000000000005,0.246000000000000,0.636000000000000,25021401000.000000000000000,,,,,,,180,0,180,,,,,,,,,,,,,,531.941912122956410,4875.974501292985224
820,4233566.201999999582767,11681.906000000000859,25,021,401100,25021401100,0012094,77,3804,3804,0.980800000000000,1026.059999999999945,1.603000000000000,4.152000000000000,25021401100.000000000000000,,,,,,,181,1,181,9543,Boston,MA,1,Best,A,A1,1,0,0,#76a865,0.086626935630888,0.000235231999999,2826.427082763808812,14751.045803040251485
821,6702044.762000000104308,11304.782999999999447,25,021,401200,25021401200,0012098,83,5261,5261,0.999700000000000,1655.660000000000082,2.587000000000000,6.700000000000000,25021401200.000000000000000,,,,,,,182,1,182,8024,Brookline,MA,1,Still Desirable,B,B5,1,0,0,#7cb5bd,0.054034470531086,0.000070385150000,3600.283304028844213,16227.841802262486453
822,4434162.656000000424683,12106.236999999999171,25,021,402101,25021402101,0012103,82,3865,3865,0.961700000000000,1053.779999999999973,1.647000000000000,4.264000000000000,25021402101.000000000000000,,,,,,,183,1,183,4940,Boston,MA,1,Definitely Declining,C,C16,1,0,0,#ffff00,0.120705402684334,0.000374478500000,1008.578317698470300,3304.990465545554343
824,1164321.987999999895692,7216.400999999999840,25,021,402200,25021402200,0012113,43,2184,2155,1.000000000000000,287.709999999999980,0.450000000000000,1.164000000000000,25021402200.000000000000000,,,,,,,184,0,184,,,,,,,,,,,,,,1469.971693653660623,8535.086718985192419
825,4346492.588999999687076,12675.646000000000640,25,021,402300,25021402300,0012117,81,4350,4379,0.993700000000000,1067.299999999999955,1.668000000000000,4.319000000000000,25021402300.000000000000000,,,,,,,185,0,185,,,,,,,,,,,,,,1310.022953974125812,5923.427251755544603
828,6878447.462000000290573,12200.154000000000451,25,021,403100,25021403100,0012132,133,6541,6541,0.994300000000000,1690.049999999999955,2.641000000000000,6.839000000000000,25021403100.000000000000000,,,,,,,186,0,186,,,,,,,,,,,,,,33.240170536491462,2.089400157108768
868,23101970.092000000178814,25513.476999999998952,25,021,416100,25021416100,0012321,146,8565,8565,0.995200000000000,5681.449999999999818,8.877000000000001,22.992000000000001,25021416100.000000000000000,,,,,,,187,0,187,,,,,,,,,,,,,,1096.040095751108311,7162.750443724282377
869,3544660.702000000048429,9455.591000000000349,25,021,416200,25021416200,0012329,104,6702,6702,0.986000000000000,863.649999999999977,1.349000000000000,3.495000000000000,25021416200.000000000000000,,,,,,,188,1,188,4927,Boston,MA,1,Definitely Declining,C,C11,1,0,0,#ffff00,0.112249603159706,0.000486838900000,2263.623028516855356,13436.017370150802890
