STATEFP,COUNTYFP,TRACTCE,GEOID,med_hou_inc_1,pop_dens,grade,label,res_treey,res_grassy,street_treey,park_treey,park_grassy,other_treey,other_grassy,total_treey,total_grassy,totally,GEOID_d_1
42,101,12204,42101012204,56495,4403.843727,,,0.060841257,0.06677515,0.019298316,0.011464981,0.010065128,0.070999614,0.208158785,0.162604168,0.284999063,0.447603231,42101012204
42,101,12203,42101012203,52209,3473.930152,,,0.09352131,0.05458777,0.016000575,0.036687797,0.000896098,0.062729619,0.05418645,0.208939301,0.109670318,0.318609619,42101012203
42,101,13602,42101013602,92212,16332.2691,D,D13,0.047877239,0.028036587,0.060315685,0.015831441,0.003344813,0.007818089,0.00227214,0.131842454,0.03365354,0.165495994,42101013602
42,101,34502,42101034502,47714,5311.558586,,,0.125524114,0.115035083,0.041252283,0.008832643,0.000287908,0.047643836,0.039906468,0.223252876,0.155229458,0.378482334,42101034502
42,101,902,42101000902,61312,17813.06592,D,D17,0.025318976,0.008482684,0.045422494,0,0,0.025080993,0.012738144,0.095822464,0.021220828,0.117043291,42101000902
42,101,1201,42101001201,106902,12471.18804,D,D18,0.041951026,0.028508736,0.087391124,0.039883569,0.029595966,0.014749258,0.006196638,0.183974978,0.06430134,0.248276318,42101001201
42,101,2702,42101002702,76060,11695.11117,D,D17,0.011383101,0.017625337,0.023571378,0.011345651,0.027367447,0.004585924,0.007704489,0.050886055,0.052697273,0.103583328,42101002702
42,101,28100,42101028100,52995,9409.362892,B,B14,0.073291371,0.034297105,0.04943392,0.09146599,0.015205178,0.042315466,0.015192749,0.256506746,0.064695032,0.321201778,42101028100
42,101,35302,42101035302,54219,3048.762179,,,0.057299792,0.124521731,0.015548929,0.145937163,0.193711978,0.034024636,0.031468716,0.25281052,0.349702426,0.602512945,42101035302
42,101,2000,42101002000,49282,6487.79832,D,D18,0.039397791,0.021677416,0.015411743,0.001454223,0.000919138,0.026818978,0.027738116,0.083082735,0.05033467,0.133417405,42101002000
42,101,14300,42101014300,99020,3539.646316,,Industrial and Commercial ,0.016559088,0.0127838,0.016703785,0.012331073,0.003434372,0.029223403,0.026994843,0.074817349,0.043213015,0.118030365,42101014300
42,101,1101,42101001101,60371,23400.81949,D,D17,0.051391124,0.017538012,0.071849741,0.007823047,0.001463899,0.008182727,0.004596714,0.139246639,0.023598626,0.162845265,42101001101
42,101,27402,42101027402,53889,15134.15207,A,A6,0.106939686,0.047137083,0.035732239,0,0,0.019667786,0.009306979,0.162339711,0.056444062,0.218783772,42101027402
42,101,36502,42101036502,82963,2504.693777,,,0.157642864,0.190298726,0.020338953,0.059404071,0.028350884,0.061757166,0.096087206,0.299143053,0.314736816,0.61387987,42101036502
42,101,401,42101000401,73438,11884.4483,,Industrial and Commercial ,0.002141716,0.001145905,0.013661377,0.003180824,0.001203633,0.023760925,0.023423215,0.042744842,0.025772753,0.068517595,42101000401
42,101,34501,42101034501,49176,10843.20925,,,0.183693746,0.159614801,0.044280641,0.027056817,0.0000364,0.019580665,0.011968837,0.274611869,0.171620005,0.446231874,42101034501
42,101,901,42101000901,46786,18727.90515,D,D17,0.010558826,0.003078669,0.023039596,0,0,0.007355587,0.005522622,0.040954009,0.008601291,0.0495553,42101000901
42,101,17702,42101017702,25417,9616.622757,D,D11,0.035386687,0.013384821,0.01845322,0.000794416,0.004784405,0.030466682,0.037781448,0.085101004,0.055950674,0.141051678,42101017702
42,101,1203,42101001203,95900,17839.3579,C,C16,0.024555229,0.019580625,0.05216611,0,0,0.010169214,0.010236438,0.086890553,0.029817063,0.116707616,42101001203
42,101,1302,42101001302,104797,9360.98232,,,0.04622482,0.021429372,0.021348451,0.005717272,0.004928295,0.005981388,0.00887655,0.079271931,0.035234217,0.114506148,42101001302
42,101,13701,42101013701,81300,5664.094255,D,D13,0.018494433,0.00952765,0.015611999,0.004699929,0.010720381,0.075241459,0.051495696,0.11404782,0.071743727,0.185791547,42101013701
42,101,1301,42101001301,150903,9818.660152,D,D18,0.031318424,0.020619218,0.018564647,0.000191123,0.002429466,0.013158075,0.025750132,0.063232269,0.048798817,0.112031086,42101001301
42,101,702,42101000702,49833,19907.52512,,Industrial and Commercial ,0.005911621,0.001408652,0.025202485,0.022662197,0.010102212,0.017858636,0.009937182,0.07163494,0.021448046,0.093082985,42101000702
42,101,38301,42101038301,,3641.791045,,,0.009961821,0.006505035,0.012254443,0,0,0.027000793,0.042119145,0.049217056,0.04862418,0.097841236,42101038301
42,101,14600,42101014600,39167,9455.159893,D,D14,0.042535787,0.056050596,0.017971461,0.001288196,0.013032439,0.023526456,0.049251002,0.0853219,0.118334036,0.203655937,42101014600
42,101,36201,42101036201,62794,5034.270835,,,0.040083021,0.106607843,0.013063206,0.142086778,0.03963177,0.034079696,0.133431145,0.2293127,0.279670759,0.508983459,42101036201
42,101,36202,42101036202,77740,5595.492414,,,0.138326859,0.213465637,0.018241584,0.002284242,0.008256185,0.011408723,0.015138421,0.170261407,0.236860243,0.40712165,42101036202
42,101,27700,42101027700,30123,9086.289369,B,B14,0.121610994,0.046616914,0.047755458,0.018207481,0.01565152,0.03357667,0.013221167,0.221150603,0.0754896,0.296640203,42101027700
42,101,27800,42101027800,43352,6169.765803,B,B14,0.054203331,0.028402663,0.044657792,0.030123225,0.010896608,0.072446646,0.073086354,0.201430994,0.112385625,0.313816619,42101027800
42,101,28000,42101028000,31611,5752.09474,B,B14,0.053129948,0.01901226,0.033786601,0.035417642,0.03786159,0.070769067,0.052868564,0.193103259,0.109742414,0.302845673,42101028000
42,101,27600,42101027600,39727,6597.509429,B,B14,0.111611909,0.026857836,0.038882782,0,0,0.062518514,0.025706541,0.213013205,0.052564377,0.265577582,42101027600
42,101,28200,42101028200,30395,5239.627664,B,B14,0.072973865,0.022007933,0.045855224,0.013179747,0.03670963,0.082095324,0.0323215,0.21410416,0.091039063,0.305143223,42101028200
42,101,28400,42101028400,20365,7305.702428,B,B14,0.035737565,0.018975057,0.0442548,0.0000928,0.000594758,0.045623505,0.170982664,0.125708642,0.190552478,0.316261121,42101028400
42,101,28500,42101028500,55588,11138.38387,B,B14,0.063236276,0.043327886,0.031469116,0,0,0.059061232,0.033780776,0.153766624,0.077108662,0.230875286,42101028500
42,101,28600,42101028600,29355,9774.034523,B,B14,0.070621992,0.031250879,0.037798334,0.00488829,0.000121127,0.050463194,0.027773865,0.16377181,0.059145872,0.222917682,42101028600
42,101,28700,42101028700,19819,7240.082595,B,B14,0.023624074,0.016748775,0.039515064,0,0,0.050692307,0.034881073,0.113831445,0.051629848,0.165461293,42101028700
42,101,29000,42101029000,34391,10356.95953,B,B14,0.079708994,0.053831794,0.050031465,0.168042372,0.059104184,0.01610689,0.006684566,0.31388972,0.119620544,0.433510264,42101029000
42,101,29300,42101029300,39946,4445.851195,D,D7,0.047707441,0.024868889,0.02374417,0.007549859,0.014238833,0.086712917,0.067652946,0.165714387,0.106760668,0.272475055,42101029300
42,101,29400,42101029400,21024,5884.351116,D,D7,0.054566318,0.029580271,0.012629768,0.001346183,0.001425427,0.064430274,0.050237851,0.132972543,0.08124355,0.214216093,42101029400
42,101,36203,42101036203,70441,3150.567357,,,0.135433584,0.141450558,0.026283664,0.130911356,0.022151565,0.035903305,0.05060116,0.32853191,0.214203282,0.542735192,42101036203
42,101,9801,42101009801,64361,7960.319218,C,C,0.042502296,0.08099066,0.015740657,0.001627837,0.0000777,0.015482304,0.02097074,0.075353094,0.102039116,0.17739221,42101009801
42,101,12201,42101012201,32625,7339.318041,,,0.214312266,0.06895153,0.00945957,0.022575712,0.009007691,0.084391861,0.069230632,0.330739409,0.147189852,0.477929262,42101012201
42,101,7101,42101007101,34303,10700.59268,C,C14,0.060206705,0.014813192,0.030071225,0,0,0.049194429,0.014232428,0.139472359,0.02904562,0.168517979,42101007101
42,101,2801,42101002801,65847,19968.60283,D,D17,0.009314559,0.013570397,0.00592617,0.000766388,0.000367754,0.000746737,0.001257662,0.016753854,0.015195813,0.031949666,42101002801
42,101,29800,42101029800,34386,8169.093928,C,C10,0.016807103,0.036445921,0.008769929,0,0,0.087733039,0.11198629,0.113310071,0.148432211,0.261742282,42101029800
42,101,29900,42101029900,25556,7660.885356,,,0.069043932,0.050704882,0.012308222,0.017007803,0.104138927,0.014631028,0.05318113,0.112990985,0.208024938,0.321015923,42101029900
42,101,30100,42101030100,23714,8584.857002,C,C10,0.142398438,0.076020352,0.056339632,0.041779128,0.031674212,0.03060563,0.021949946,0.271122828,0.12964451,0.400767338,42101030100
42,101,30200,42101030200,49940,9798.006907,C,C10,0.073728424,0.050838956,0.060595282,0.006829984,0.032368847,0.02707214,0.040537064,0.168225829,0.123744867,0.291970696,42101030200
42,101,30600,42101030600,50870,6798.218631,B,B8,0.158358236,0.109785645,0.049843904,0,0,0.028632173,0.00955503,0.236834313,0.119340675,0.356174987,42101030600
42,101,36301,42101036301,74074,1805.803306,,,0.018550606,0.046361708,0.007398007,0.098234776,0.011911622,0.102203671,0.099102379,0.22638706,0.15737571,0.38376277,42101036301
42,101,36302,42101036302,64238,6923.649821,,,0.152306829,0.205596679,0.016346049,0,0,0.018816097,0.021640554,0.187468975,0.227237233,0.414706208,42101036302
42,101,36303,42101036303,96081,2585.053704,,,0.051515381,0.078555258,0.008493155,0.185474809,0.112506335,0.086622691,0.09623707,0.332106036,0.287298664,0.6194047,42101036303
42,101,36400,42101036400,89792,221.3876908,,,0.006472509,0.023295621,0.029390307,0.101835244,0.146068283,0.13754632,0.233043041,0.275244379,0.402406945,0.677651323,42101036400
42,101,30700,42101030700,47039,6747.05341,B,B8,0.147037195,0.078398632,0.032336797,0,0,0.08303223,0.029448321,0.262406222,0.107846953,0.370253175,42101030700
42,101,30800,42101030800,55695,7197.400038,B,E4,0.153350475,0.149713338,0.058379825,0.003912439,0.032058563,0.00378816,0.001943634,0.2194309,0.183715535,0.403146435,42101030800
42,101,30900,42101030900,51078,7370.386337,B,E4,0.072176544,0.080497999,0.026421155,0,0,0.031523312,0.153139434,0.130121011,0.233637433,0.363758443,42101030900
42,101,31000,42101031000,39739,7080.027158,B,E4,0.110944216,0.12352587,0.046528639,0,0,0.019945722,0.02181911,0.177418576,0.14534498,0.322763556,42101031000
42,101,31300,42101031300,44485,11178.8352,B,E4,0.036472248,0.058932102,0.033538787,0.007844394,0.029604765,0.011454598,0.011092577,0.089310028,0.099629445,0.188939473,42101031300
42,101,31600,42101031600,58321,8962.838346,B,E4,0.013637721,0.096297841,0.030636292,0.00000342,0.000214868,0.01277996,0.018503506,0.057057398,0.115016215,0.172073613,42101031600
42,101,31700,42101031700,28621,5845.744298,B,E4,0.020193507,0.060633291,0.015836072,0,0,0.046613931,0.220010017,0.08264351,0.280643308,0.363286818,42101031700
42,101,31800,42101031800,52879,8451.965156,B,E4,0.066296945,0.086430681,0.043730204,0,0,0.021580023,0.031194081,0.131607172,0.117624762,0.249231934,42101031800
42,101,32000,42101032000,50227,11665.40087,B,B12,0.029150473,0.095425621,0.029462159,0.00194643,0.078212085,0.004573236,0.004655985,0.065132298,0.17829369,0.243425989,42101032000
42,101,32100,42101032100,41752,6666.365239,C,C10,0.088028337,0.115975045,0.02758788,0.001410409,0.020829008,0.012144689,0.024213537,0.129171315,0.16101759,0.290188905,42101032100
42,101,32500,42101032500,43543,7080.740457,C,C10,0.078955113,0.126351297,0.029274838,0.03059697,0.03457008,0.011844013,0.012688895,0.150670933,0.173610272,0.324281205,42101032500
42,101,32600,42101032600,60231,9714.328078,B,B11,0.040278111,0.099208523,0.036252852,0.013150726,0.018356883,0.005287358,0.012999924,0.094969048,0.13056533,0.225534378,42101032600
42,101,989100,42101989100,,585.5275959,,,0.029536381,0.053323804,0.01335387,0.102189728,0.166855738,0.046604627,0.178564416,0.191684606,0.398743958,0.590428565,42101989100
42,101,32900,42101032900,41211,4003.584264,C,C11,0.090845422,0.069512074,0.025618599,0.101779967,0.017235945,0.041446698,0.040749557,0.259690687,0.127497576,0.387188263,42101032900
42,101,33000,42101033000,44694,12501.36344,B,B11,0.010460403,0.030729246,0.026538429,0.020075986,0.034870569,0.010552565,0.011564642,0.067627382,0.077164457,0.14479184,42101033000
42,101,33300,42101033300,53785,3712.554209,B,E4,0.070483704,0.196781073,0.039299305,0.000320118,0.000689799,0.024046174,0.020649074,0.1341493,0.218119946,0.352269246,42101033300
42,101,33400,42101033400,48967,4885.411533,B,E4,0.036338183,0.121671136,0.025535163,0.005766164,0.046813455,0.009922782,0.011920118,0.077562292,0.180404709,0.257967001,42101033400
42,101,33800,42101033800,57636,4897.822761,B,E4,0.13652586,0.142397536,0.026591953,0,0,0.054654954,0.066695555,0.217772767,0.209093092,0.426865859,42101033800
42,101,33900,42101033900,51710,2536.164229,B,B8,0.111188075,0.100150198,0.024893246,0.138740243,0.079555892,0.08121182,0.038368377,0.356033384,0.218074467,0.574107851,42101033900
42,101,34000,42101034000,89181,3999.245969,B,B8,0.178411331,0.185283074,0.034166173,0.008822574,0.00370748,0.085793145,0.042260361,0.307193223,0.231250915,0.538444138,42101034000
42,101,34100,42101034100,63485,3967.447504,B,B8,0.164863535,0.158188466,0.034255439,0.012103414,0.02405578,0.026570739,0.027628069,0.237793126,0.209872315,0.447665441,42101034100
42,101,39100,42101039100,27136,3197.002319,,Industrial and Commercial ,0.050492699,0.023569855,0.019906103,0.07784312,0.068368787,0.112593704,0.08934076,0.260835626,0.181279402,0.442115028,42101039100
42,101,36700,42101036700,139514,4275.881344,D,D15,0.013959815,0.013150351,0.023699958,0.003513963,0.001400269,0.024730652,0.019887591,0.065904388,0.034438211,0.1003426,42101036700
42,101,37800,42101037800,63393,624.8616843,,Industrial and Commercial ,0.001361002,0.001524954,0.014901346,0.001412548,0.005978098,0.15306737,0.119279445,0.170742267,0.126782497,0.297524764,42101037800
42,101,34702,42101034702,88384,3383.555513,,,0.164459384,0.20884583,0.042080184,0.030102052,0.020979465,0.021777926,0.026877893,0.258419546,0.256703188,0.515122734,42101034702
42,101,34801,42101034801,58571,3419.285666,,,0.131053445,0.140801416,0.020710261,0.083002262,0.017298968,0.036914129,0.091909828,0.271680098,0.250010213,0.52169031,42101034801
42,101,34802,42101034802,45956,4678.691946,,,0.210022428,0.158722814,0.072310339,0.102097375,0.003653156,0.007913816,0.005508687,0.392343958,0.167884657,0.560228615,42101034802
42,101,34900,42101034900,53947,2550.893121,C,E5,0.049929973,0.045543373,0.029082273,0.038600149,0.035325572,0.074653978,0.135016815,0.192266373,0.215885759,0.408152132,42101034900
42,101,35100,42101035100,59219,4050.348641,,,0.173660668,0.125899529,0.022666697,0.071962668,0.03174831,0.024931923,0.022533042,0.293221955,0.180180881,0.473402836,42101035100
42,101,35200,42101035200,75972,2557.099828,C,E5,0.121924374,0.114448975,0.05745747,0.098151003,0.07872653,0.044859156,0.051947377,0.322392003,0.245122883,0.567514886,42101035200
42,101,35500,42101035500,60050,3369.792476,,,0.10755629,0.16992811,0.023819376,0.034358848,0.024857663,0.056549324,0.023839054,0.222283837,0.218624826,0.440908663,42101035500
42,101,35800,42101035800,62214,3784.61598,,,0.162033887,0.260654803,0.055575017,0.001268758,0.010434582,0.054180202,0.052638677,0.273057865,0.323728062,0.596785927,42101035800
42,101,35900,42101035900,55287,2384.270232,,,0.11837711,0.155163417,0.066448618,0.01138501,0.002125767,0.214170178,0.092184785,0.410380915,0.249473968,0.659854884,42101035900
42,101,36000,42101036000,58068,1718.973315,,,0.048115462,0.081049176,0.015711109,0.00452101,0.011810137,0.093427273,0.106221689,0.161774854,0.199081002,0.360855856,42101036000
42,101,36100,42101036100,60341,3298.518403,,,0.096755862,0.151174678,0.035913678,0.157450139,0.083597738,0.011843039,0.018969102,0.301962718,0.253741517,0.555704235,42101036100
42,101,26000,42101026000,56601,5899.531313,B,B6,0.0575112,0.14076452,0.023065521,0,0,0.022076193,0.169734916,0.102652913,0.310499436,0.413152349,42101026000
42,101,27500,42101027500,52699,7851.80194,A,A6,0.071939753,0.027635199,0.053894678,0.143614393,0.008385345,0.048124635,0.014880098,0.317573459,0.050900643,0.368474102,42101027500
42,101,6500,42101006500,36974,3470.41487,,,0.04509962,0.013167817,0.039835413,0.167252567,0.030117527,0.155848472,0.162601732,0.408036073,0.205887077,0.613923149,42101006500
42,101,6600,42101006600,21289,5174.719728,D,D22,0.048163501,0.025656446,0.015275081,0.000484374,0.0000654,0.087413174,0.06490612,0.151336129,0.090627918,0.241964048,42101006600
42,101,6700,42101006700,37056,7204.423906,D,D22,0.042017706,0.025796091,0.022272534,0.01995516,0.039969067,0.101617576,0.049761033,0.185862975,0.115526191,0.301389167,42101006700
42,101,7200,42101007200,35412,9106.044241,C,C14,0.078728566,0.021289666,0.026492258,0,0,0.030517139,0.022527134,0.135737962,0.0438168,0.179554762,42101007200
42,101,1600,42101001600,116250,12633.09045,D,D17,0.039556512,0.019153612,0.052323462,0.001303465,0.0000414,0.011004563,0.005755645,0.104188002,0.024950687,0.12913869,42101001600
42,101,1700,42101001700,115476,14286.3187,D,D17,0.062743978,0.040644564,0.059660476,0.022746715,0.022764369,0.009806597,0.006870208,0.154957767,0.07027914,0.225236907,42101001700
42,101,7300,42101007300,32195,8140.326182,C,C14,0.05892166,0.020930202,0.02610607,0,0,0.029359612,0.039042503,0.114387343,0.059972705,0.174360048,42101007300
42,101,7400,42101007400,33424,6665.118474,D,D21,0.052468856,0.023489013,0.030199102,0.011766725,0.040049452,0.040169804,0.045190335,0.134604487,0.108728801,0.243333288,42101007400
42,101,1800,42101001800,94688,12708.29896,D,D17,0.018435212,0.015259843,0.038140572,0.005710501,0.007711242,0.008774861,0.003993737,0.071061146,0.026964821,0.098025968,42101001800
42,101,1900,42101001900,121770,12167.71034,D,D18,0.023622555,0.01675806,0.027120569,0.000882605,0.002657347,0.005713105,0.00795679,0.057338833,0.027372197,0.08471103,42101001900
42,101,2100,42101002100,73466,9771.849831,D,D18,0.043586981,0.02606892,0.017275633,0.002592926,0.023541871,0.007486283,0.007615403,0.070941823,0.057226193,0.128168016,42101002100
42,101,2200,42101002200,54261,11670.46354,D,D19,0.034606027,0.023853391,0.010755373,0,0,0.010251813,0.008322414,0.055613213,0.032175806,0.087789019,42101002200
42,101,2400,42101002400,81476,9136.701262,D,D17,0.011439356,0.010590697,0.022989762,0.012041366,0.005946454,0.003887931,0.011910443,0.050358415,0.028447595,0.07880601,42101002400
42,101,2500,42101002500,66851,10667.4593,D,D17,0.043362026,0.068890144,0.032354167,0.023561237,0.027134061,0.004930719,0.005113574,0.104208149,0.101137779,0.205345928,42101002500
42,101,2900,42101002900,66932,10160.53757,D,D17,0.007077734,0.01702916,0.031970667,0.007383698,0.014669352,0.003108658,0.007466528,0.049540757,0.039165039,0.088705796,42101002900
42,101,3100,42101003100,57250,11555.59821,D,D18,0.044210463,0.023872638,0.013220772,0.000305107,0.000252938,0.020009005,0.019281807,0.077745347,0.043407384,0.121152731,42101003100
42,101,3200,42101003200,43289,8336.891763,D,D18,0.046938386,0.017317136,0.027892972,0.016777527,0.02371609,0.024255699,0.048783748,0.115864584,0.089816974,0.205681557,42101003200
42,101,3300,42101003300,53678,6032.063846,D,D18,0.020224724,0.008787424,0.020114705,0.024934374,0.03530031,0.05238919,0.056756427,0.117662993,0.100844161,0.218507154,42101003300
42,101,7800,42101007800,49526,9528.451779,C,C14,0.157028919,0.035296709,0.076910597,0.005532482,0.007555094,0.011880463,0.010985761,0.251352461,0.053837565,0.305190026,42101007800
42,101,7900,42101007900,66667,10699.79971,B,B19,0.137362768,0.035125218,0.129654132,0.002517106,0.00149536,0.002989063,0.000991938,0.272523069,0.037612516,0.310135585,42101007900
42,101,8000,42101008000,60163,9051.012901,C,C14,0.081927209,0.025144796,0.037354787,0.042320996,0.006221198,0.015927022,0.007447136,0.177530015,0.03881313,0.216343144,42101008000
42,101,8200,42101008200,30182,7451.801192,B,B19,0.0579528,0.041894406,0.040224946,0.147693761,0.028542491,0.007470455,0.002555326,0.253341962,0.072992222,0.326334184,42101008200
42,101,8301,42101008301,33478,9305.54141,B,B19,0.044048527,0.026345511,0.038568817,0.164455024,0.047392743,0.022854188,0.016018649,0.269926556,0.089756902,0.359683459,42101008301
42,101,3600,42101003600,36861,7370.001223,D,D18,0.032162798,0.067819069,0.027690191,0.006283581,0.041465534,0.019799379,0.02614525,0.085935949,0.135429854,0.221365803,42101003600
42,101,3701,42101003701,39340,15794.99408,D,D19,0.038163467,0.011057972,0.011420528,0.0000598,0.0000458,0.007856563,0.005235949,0.057500398,0.01633968,0.073840078,42101003701
42,101,3702,42101003702,40202,15856.01028,D,D19,0.005933659,0.003658879,0.035774015,0,0.001647254,0.00748223,0.002947852,0.049189903,0.008253985,0.057443888,42101003702
42,101,3800,42101003800,75682,3591.494987,D,D19,0.015449993,0.009145422,0.033951717,0.01229426,0.005898326,0.027031742,0.038087153,0.088727712,0.0531309,0.141858612,42101003800
42,101,3901,42101003901,51932,15292.68763,D,D19,0.004411288,0.004374068,0.013315748,0.000460036,0.001055553,0.001799948,0.001348845,0.019987021,0.006778466,0.026765487,42101003901
42,101,3902,42101003902,66179,12544.37556,D,D19,0.004137071,0.004479754,0.057474061,0.0329349,0.023026104,0.002470636,0.005220392,0.097016668,0.03272625,0.129742919,42101003902
42,101,4001,42101004001,61542,12819.49503,D,D17,0.001850356,0.004805757,0.01238208,0,0,0.008160645,0.003897473,0.022393081,0.008703231,0.031096311,42101004001
42,101,15300,42101015300,23393,8340.651564,D,D12,0.049281101,0.02726603,0.027750303,0.004988144,0.038648443,0.030459829,0.04329773,0.112479377,0.109212203,0.221691579,42101015300
42,101,38700,42101038700,125833,1336.616868,B,B5,0.278414237,0.101979617,0.04427699,0.006059461,0.005978306,0.205819389,0.124387815,0.534570077,0.232345738,0.766915815,42101038700
42,101,38800,42101038800,85685,2779.270269,B,B5,0.180640029,0.126283839,0.051294059,0.21275008,0.009014422,0.047010588,0.092919584,0.491694757,0.228217845,0.719912602,42101038800
42,101,38900,42101038900,42057,2837.83425,B,B5,0.145178768,0.087488005,0.036941932,0.173823026,0.080971859,0.051419975,0.078039789,0.407363701,0.246499653,0.653863355,42101038900
42,101,37900,42101037900,55652,3353.679656,D,D10,0.012027751,0.013751748,0.024739379,0.004138576,0.003752834,0.037138123,0.045769729,0.078043829,0.06327431,0.14131814,42101037900
42,101,38200,42101038200,35141,1661.858996,D,D9,0.008337467,0.004265936,0.027278166,0.000446308,0.002270899,0.063338054,0.044653708,0.099399995,0.051190542,0.150590537,42101038200
42,101,38000,42101038000,46389,3029.63761,C,C10,0.016765869,0.025260472,0.024485242,0,0,0.03106718,0.03624397,0.072318292,0.061504442,0.133822734,42101038000
42,101,25500,42101025500,66786,3619.875268,A,A3,0.266164986,0.207634439,0.08499135,0.00082542,0.013741493,0.031519463,0.026924541,0.383501219,0.248300474,0.631801692,42101025500
42,101,25600,42101025600,86434,3255.578515,A,A3,0.265669345,0.223203537,0.081870495,0.018899812,0.031825667,0.054864357,0.033754057,0.42130401,0.288783261,0.710087271,42101025600
42,101,25700,42101025700,56198,5351.3452,B,B5,0.175586536,0.148109058,0.043373539,0.052455326,0.01663514,0.038632373,0.032164176,0.310047773,0.196908374,0.506956148,42101025700
42,101,25800,42101025800,41250,3049.154622,B,E2,0.038203503,0.131499289,0.011604102,0,0,0.110822482,0.34954824,0.160630087,0.48104753,0.641677617,42101025800
42,101,25900,42101025900,47184,8008.488998,B,E2,0.020853778,0.178014665,0.009092912,0,0,0.003173748,0.018356701,0.033120438,0.196371367,0.229491805,42101025900
42,101,17602,42101017602,23516,10537.85512,D,D11,0.023337328,0.007611357,0.02138682,0.0000672,0.00000469,0.074581925,0.065032563,0.119373278,0.072648609,0.192021887,42101017602
42,101,17800,42101017800,27619,9670.77413,D,D9,0.051054714,0.018334962,0.011887358,0.002907373,0.00481634,0.045911555,0.041264292,0.111761,0.064415594,0.176176594,42101017800
42,101,17900,42101017900,39672,8557.169623,D,D9,0.023325862,0.014647572,0.026848186,0.000507446,0.000128833,0.069100292,0.046671882,0.119781786,0.061448288,0.181230074,42101017900
42,101,17701,42101017701,18516,14581.85544,D,D11,0.045032919,0.012483757,0.013366552,0.034943094,0.040834451,0.008464444,0.016944467,0.10180701,0.070262675,0.172069684,42101017701
42,101,35601,42101035601,47616,2572.301325,,,0.233612638,0.183415544,0.023244055,0.006900227,0.017204776,0.073142655,0.052421621,0.336899576,0.253041941,0.589941517,42101035601
42,101,13402,42101013402,81483,12099.14003,D,D12,0.061567454,0.020719211,0.071456228,0.005993594,0.036016646,0.005185705,0.002890565,0.14420298,0.059626421,0.203829402,42101013402
42,101,13601,42101013601,110819,16336.21575,D,D13,0.04091611,0.025629243,0.05652428,0.028263925,0.004023423,0.004055554,0.002156298,0.129759869,0.031808964,0.161568833,42101013601
42,101,8801,42101008801,41250,11225.186,C,C14,0.004199126,0.001531885,0.028882126,0,0,0.118531268,0.03285418,0.151612519,0.034386065,0.185998585,42101008801
42,101,15200,42101015200,29289,8575.6987,D,D12,0.09853336,0.064982048,0.034641066,0.006430013,0.00089893,0.061705304,0.067430018,0.201309744,0.133310996,0.33462074,42101015200
42,101,18300,42101018300,70476,2274.192473,C,C10,0.008128775,0.021804624,0.01095188,0.000282102,0.00626746,0.128139255,0.165088675,0.147502011,0.193160758,0.34066277,42101018300
42,101,18400,42101018400,57365,1800.36886,C,C10,0.010077391,0.022247719,0.010688917,0.004382134,0.016443431,0.06351297,0.089693422,0.088661412,0.128384572,0.217045984,42101018400
42,101,19000,42101019000,36368,10163.03496,B,B15,0.01966461,0.017191964,0.023060882,0.001734711,0.014412247,0.038493216,0.029434617,0.082953419,0.061038829,0.143992247,42101019000
42,101,19100,42101019100,45104,5675.287656,B,B15,0.010808864,0.01975797,0.008766436,0.073294292,0.049863344,0.022964269,0.024696158,0.11583386,0.094317471,0.210151332,42101019100
42,101,19200,42101019200,19205,12947.52153,C,C8,0.028314028,0.01256757,0.014293761,0.004116446,0.047525981,0.013537908,0.018890692,0.060262142,0.078984243,0.139246385,42101019200
42,101,19700,42101019700,28798,15042.59999,C,C7,0.046221692,0.01918403,0.025852811,0,0,0.017436618,0.024795751,0.08951112,0.043979781,0.133490902,42101019700
42,101,19800,42101019800,30958,12272.47069,C,C7,0.039840891,0.015870793,0.020567973,0.000779581,0.0000985,0.048430186,0.039697253,0.109618631,0.055666507,0.165285138,42101019800
42,101,19900,42101019900,20597,7268.634279,C,C8,0.04094007,0.023121991,0.015274396,0.00011631,0.000526703,0.041331552,0.041475284,0.097662327,0.065123978,0.162786306,42101019900
42,101,20000,42101020000,9276,4482.761886,C,C7,0.040401877,0.010128131,0.036801905,0,0.0000079,0.046894471,0.034889297,0.124098254,0.045025331,0.169123585,42101020000
42,101,20200,42101020200,23138,5984.313145,C,C6,0.098001122,0.037601197,0.042923767,0.003020203,0.005841099,0.0602858,0.039843193,0.204230892,0.083285489,0.287516381,42101020200
42,101,20300,42101020300,30474,6310.681522,C,C7,0.066842781,0.019773384,0.034009481,0.001234066,0.000273416,0.066829233,0.04402118,0.168915561,0.06406798,0.232983541,42101020300
42,101,20400,42101020400,30262,7676.01191,C,C7,0.067616472,0.020689012,0.046435816,0.017911221,0.04259638,0.048436194,0.018922165,0.180399702,0.082207557,0.262607259,42101020400
42,101,20500,42101020500,17392,1545.981044,,Industrial and Commercial ,0.019257504,0.008797313,0.027961997,0.025997455,0.046238324,0.060694587,0.095101876,0.133911543,0.150137514,0.284049057,42101020500
42,101,20600,42101020600,57083,1365.836644,B,B16,0.158709752,0.042326883,0.03603187,0.028844332,0.021369428,0.140797414,0.130150854,0.364383368,0.193847165,0.558230533,42101020600
42,101,20800,42101020800,83021,2716.143969,A,A7,0.421997856,0.077053129,0.027290699,0.049808565,0.012394823,0.118821697,0.047480167,0.617918817,0.136928119,0.754846936,42101020800
42,101,20900,42101020900,73068,5860.853599,C,C5,0.088435302,0.148273436,0.026124904,0.036779268,0.004407131,0.049133389,0.02608412,0.200472863,0.178764686,0.379237549,42101020900
42,101,21000,42101021000,75784,6293.272805,D,D5,0.040732612,0.10767126,0.015593517,0.022407203,0.035446773,0.04527823,0.04404866,0.124011563,0.187166693,0.311178256,42101021000
42,101,21100,42101021100,66453,4366.315653,,,0.121085027,0.175303907,0.029909463,0.003972112,0.013610924,0.02273797,0.037765568,0.177704572,0.226680399,0.404384971,42101021100
42,101,21200,42101021200,90325,5202.58675,B,B17,0.117204224,0.168698011,0.019003269,0.035917854,0.005346111,0.038034453,0.104163597,0.2101598,0.278207719,0.488367519,42101021200
42,101,21400,42101021400,76214,6228.860773,D,D5,0.065838801,0.09478332,0.023715173,0.017809076,0.010278157,0.069096697,0.051887,0.176459746,0.156948477,0.333408223,42101021400
42,101,21500,42101021500,81989,3886.962393,D,D5,0.098677696,0.141058518,0.021496768,0.079972117,0.061419872,0.069310996,0.05109908,0.269457578,0.25357747,0.523035048,42101021500
42,101,15600,42101015600,34773,3633.900262,D,D15,0.02304412,0.016665317,0.022101433,0.001159782,0.000482271,0.061388336,0.104642686,0.107693672,0.121790274,0.229483946,42101015600
42,101,15700,42101015700,63750,5269.320843,D,D15,0.009779104,0.009837167,0.013239661,0.00521277,0.017415038,0.015277028,0.072249762,0.043508563,0.099501967,0.14301053,42101015700
42,101,15800,42101015800,95450,12595.33104,D,D16,0.035041872,0.049850393,0.029539376,0.007714929,0.015508604,0.023631285,0.015820351,0.095927462,0.081179348,0.177106809,42101015800
42,101,16100,42101016100,77979,8837.878966,D,D9,0.025106999,0.029763878,0.018735405,0.001984435,0.002951008,0.020063668,0.034669254,0.065890507,0.06738414,0.133274647,42101016100
42,101,16200,42101016200,32059,6342.76117,D,D15,0.035543254,0.027469841,0.031520266,0.029520776,0.041860683,0.0508018,0.084422732,0.147386097,0.153753256,0.301139353,42101016200
42,101,16300,42101016300,19269,5599.186335,D,D11,0.024818723,0.021039749,0.02135038,0.001544402,0.004836649,0.050407459,0.081264883,0.098120964,0.107141281,0.205262245,42101016300
42,101,16400,42101016400,18814,9091.26517,D,D11,0.072340031,0.02846713,0.024960188,0.020819726,0.010634369,0.043511626,0.052730574,0.16163157,0.091832073,0.253463643,42101016400
42,101,16500,42101016500,15995,7908.052734,D,D11,0.083597856,0.022789035,0.031026074,0.031256026,0.017252743,0.081487055,0.072062196,0.227367011,0.112103973,0.339470984,42101016500
42,101,16600,42101016600,,7651.302789,D,D11,0.060744707,0.016116138,0.037998997,0.007559533,0.005105201,0.087493087,0.044058129,0.193796325,0.065279468,0.259075793,42101016600
42,101,16002,42101016002,72857,11628.76938,D,D16,0.022102071,0.030944179,0.030481585,0.003683145,0.0045299,0.007976146,0.01294463,0.064242946,0.048418709,0.112661655,42101016002
42,101,16001,42101016001,79688,7060.220958,D,D16,0.01046875,0.020823709,0.01666845,0.000447577,0.029223364,0.006810377,0.039265399,0.034395154,0.089312472,0.123707626,42101016001
42,101,39002,42101039002,82866,4362.937558,,,0.027005918,0.01276317,0.023584068,0.004554986,0.016757055,0.072697352,0.147810026,0.127842324,0.177330251,0.305172575,42101039002
42,101,18801,42101018801,19409,9658.945833,D,D9,0.05439466,0.015414788,0.014854693,0.025730886,0.012941543,0.011984206,0.012746727,0.106964445,0.041103058,0.148067503,42101018801
42,101,39001,42101039001,44853,4150.160547,B,E4,0.030875611,0.028289374,0.016218719,0,0,0.051684934,0.116178974,0.098779264,0.144468348,0.243247612,42101039001
42,101,4104,42101004104,47409,20920.14881,D,D17,0.01505823,0.007594396,0.016556592,0.0000124,0.0000187,0.000354384,0.001308735,0.031981641,0.008921784,0.040903424,42101004104
42,101,4103,42101004103,47905,27525.10275,D,D17,0.011071069,0.007838448,0.013170301,0.01834118,0.039799999,0.001080825,0.001153099,0.043663375,0.048791547,0.092454922,42101004103
42,101,102,42101000102,104236,6723.58159,,Industrial and Commercial ,0.006486903,0.002699825,0.032348605,0.05134033,0.033738655,0.01990575,0.045730835,0.110081588,0.082169315,0.192250903,42101000102
42,101,1204,42101001204,82976,15309.46364,D,D18,0.022048173,0.013380102,0.050262669,0.000261105,0.0000395,0.007210742,0.004487359,0.079782689,0.01790693,0.097689618,42101001204
42,101,36902,42101036902,26735,6829.600671,,Industrial and Commercial ,0.014280086,0.005308809,0.012178948,0.02987356,0.050306877,0.065463264,0.025286619,0.121795859,0.080902305,0.202698164,42101036902
42,101,20702,42101020702,112243,2228.503574,,,0.105920511,0.04347479,0.051339143,0.082775411,0.046144535,0.198576094,0.084279835,0.438611159,0.17389916,0.612510319,42101020702
42,101,13702,42101013702,27262,10782.11037,D,D12,0.060733163,0.029689246,0.022402113,0.000892852,0.000671563,0.031013129,0.031057387,0.115041257,0.061418196,0.176459453,42101013702
42,101,20701,42101020701,100368,6603.013404,C,C6,0.106350892,0.072020331,0.084107274,0.007728079,0.005445579,0.051060556,0.023519457,0.249246802,0.100985366,0.350232168,42101020701
42,101,12502,42101012502,79435,6088.544685,,,0.004916453,0.00529126,0.036685998,0.144511637,0.130153571,0.026115568,0.021418942,0.212229656,0.156863773,0.369093429,42101012502
42,101,18802,42101018802,40262,19375.87775,D,D9,0.051145115,0.022744405,0.010704272,0,0,0.015988125,0.009728448,0.077837512,0.032472853,0.110310365,42101018802
42,101,14201,42101014201,111104,12847.19236,D,D15,0.040826387,0.027711308,0.027147265,0.016861014,0.020510071,0.013840584,0.021711354,0.09867525,0.069932733,0.168607983,42101014201
42,101,14202,42101014202,112736,4661.230184,,Industrial and Commercial ,0.009416141,0.012176652,0.012539045,0.011923707,0.03263119,0.040883538,0.051909774,0.074762431,0.096717616,0.171480047,42101014202
42,101,101,42101000101,104458,5339.843073,,Industrial and Commercial ,0.002972156,0.001518983,0.040407798,0.03002393,0.041649309,0.036014486,0.018704481,0.10941837,0.061872774,0.171291144,42101000101
42,101,404,42101000404,80774,20617.4886,,Industrial and Commercial ,0.000362369,0.000194535,0.011069412,0.000911644,0.00000381,0.007621187,0.008063659,0.019964611,0.008262008,0.028226619,42101000404
42,101,12501,42101012501,66566,7385.819362,,Industrial and Commercial ,0.00395532,0.002811307,0.014738705,0.002446917,0.000671578,0.031106569,0.068494619,0.052247511,0.071977504,0.124225015,42101012501
42,101,403,42101000403,208824,5550.93972,,Industrial and Commercial ,0,0,0.005065667,0,0.0000897,0.003303891,0.001869366,0.008369558,0.001959023,0.010328581,42101000403
42,101,701,42101000701,83357,11850.61815,,Industrial and Commercial ,0,0,0.011751544,0,0,0.00054793,0.001216138,0.012299474,0.001216138,0.013515612,42101000701
42,101,805,42101000805,78438,36574.05485,C,C16,0.013724257,0.001646218,0.024147415,0,0,0.018472296,0.005467176,0.056343968,0.007113394,0.063457362,42101000805
42,101,806,42101000806,157889,29354.71533,D,D18,0.00000855,0.000290679,0.002735803,0,0,0.000675401,0.000341975,0.003419754,0.000632654,0.004052408,42101000806
42,101,989300,42101989300,,54.46338511,,,0.000356674,0.000471685,0.010937448,0.006281287,0.017346495,0.086189287,0.208885141,0.103764696,0.226703321,0.330468017,42101989300
42,101,16901,42101016901,30403,6901.849462,D,D12,0.06716971,0.025902651,0.025556095,0,0,0.055407537,0.08544568,0.148133342,0.111348331,0.259481674,42101016901
42,101,17000,42101017000,39643,2046.553526,C,C6,0.033900747,0.041461145,0.014754084,0.017164588,0.008757686,0.133388782,0.141700522,0.199208201,0.191919353,0.391127554,42101017000
42,101,17100,42101017100,26025,2839.885668,C,C6,0.019275866,0.005675181,0.019138718,0.010421048,0.057873132,0.111649381,0.186860204,0.160485013,0.250408517,0.41089353,42101017100
42,101,17202,42101017202,24099,12666.4602,C,C6,0.103146588,0.020602181,0.046250454,0,0,0.025902408,0.009999574,0.175299449,0.030601755,0.205901205,42101017202
42,101,27401,42101027401,42331,8565.50715,A,A6,0.094836961,0.037743566,0.039952731,0,0,0.030721374,0.011080311,0.165511065,0.048823877,0.214334942,42101027401
42,101,20101,42101020101,17500,6609.05457,C,C6,0.090096943,0.037656878,0.039158235,0,0,0.072897347,0.056074385,0.202152525,0.093731263,0.295883788,42101020101
42,101,28901,42101028901,39712,7489.460278,,,0.023143775,0.020289072,0.015059888,0,0,0.11136617,0.074769045,0.149569833,0.095058118,0.24462795,42101028901
42,101,30501,42101030501,39688,14171.57999,B,B8,0.077426266,0.063721929,0.039258785,0,0,0.007425186,0.001890711,0.124110237,0.06561264,0.189722877,42101030501
42,101,16702,42101016702,25263,6696.648578,D,D12,0.090633344,0.015758872,0.020635821,0.001184427,0.000705016,0.060291214,0.047255466,0.172744805,0.063719354,0.236464159,42101016702
42,101,8802,42101008802,17403,15076.38177,C,C14,0.095168549,0.046378627,0.052167637,0,0,0.032706168,0.016150294,0.180042355,0.062528921,0.242571276,42101008802
42,101,21600,42101021600,78438,1202.139748,B,E7,0.086349596,0.078480204,0.044427697,0.020511522,0.005065652,0.28228925,0.14468285,0.433578065,0.228228706,0.661806771,42101021600
42,101,21700,42101021700,84550,3810.641327,B,E7,0.113270041,0.245960933,0.023202446,0.015272054,0.009607488,0.068233635,0.05583259,0.219978175,0.311401012,0.531379187,42101021700
42,101,21900,42101021900,61489,1024.772547,B,E6,0.16330006,0.115197288,0.024203188,0.069686256,0.040862855,0.299114533,0.099895855,0.556304038,0.255955998,0.812260036,42101021900
42,101,22000,42101022000,103750,505.9764608,B,E6,0.122884091,0.066686101,0.024092342,0.285975009,0.035992418,0.040286104,0.028955154,0.473237547,0.131633673,0.60487122,42101022000
42,101,23100,42101023100,123682,1755.034807,B,B5,0.375885836,0.191333924,0.075891072,0.02490041,0.005528964,0.030014253,0.027309989,0.506691571,0.224172878,0.730864449,42101023100
42,101,23500,42101023500,74766,1698.886716,A,A4,0.451599199,0.153626412,0.084270434,0.062948744,0.000379752,0.046976464,0.008585521,0.645794841,0.162591685,0.808386526,42101023500
42,101,23600,42101023600,105054,2396.534431,B,B5,0.393314778,0.136398268,0.085479286,0.011893382,0.001657369,0.063820225,0.019496163,0.554507671,0.1575518,0.712059471,42101023600
42,101,23700,42101023700,81104,4351.456792,B,B5,0.287797808,0.179208795,0.052912047,0,0,0.049737639,0.034325253,0.390447493,0.213534048,0.603981542,42101023700
42,101,23900,42101023900,29554,3279.693676,,,0.114043634,0.035044088,0.054324583,0.378456322,0.039802399,0.077704049,0.026302705,0.624528588,0.101149192,0.72567778,42101023900
42,101,24000,42101024000,54266,5942.503403,C,C4,0.184827682,0.050712291,0.053542093,0.016788132,0.010506782,0.061901674,0.047189744,0.317059581,0.108408817,0.425468399,42101024000
42,101,24100,42101024100,14310,3469.370242,C,C4,0.100161588,0.023443674,0.032224501,0.050667001,0.031213217,0.105202661,0.049846004,0.288255751,0.104502895,0.392758646,42101024100
42,101,14900,42101014900,19931,9026.521336,D,D12,0.073372329,0.023821736,0.031075973,0.0000815,0.001293969,0.063244293,0.050260411,0.167774072,0.075376116,0.243150188,42101014900
42,101,14700,42101014700,18310,7513.096835,D,D12,0.067404274,0.033805933,0.030866286,0.001354906,0.002772832,0.044059478,0.039375691,0.143684945,0.075954455,0.2196394,42101014700
42,101,14800,42101014800,14573,3777.63244,D,D12,0.039761807,0.04339676,0.026833161,0.010790245,0.050126336,0.052477594,0.090746123,0.129862807,0.184269219,0.314132027,42101014800
42,101,24200,42101024200,24390,7662.669624,C,C4,0.228846309,0.05493389,0.043545745,0.022172828,0.015538272,0.050968448,0.019464894,0.34553333,0.089937055,0.435470385,42101024200
42,101,24300,42101024300,38333,5920.174837,C,C4,0.130434374,0.067051883,0.04967919,0.119325732,0.039436049,0.041043539,0.046951803,0.340482835,0.153439734,0.49392257,42101024300
42,101,24500,42101024500,19603,5423.227744,C,C4,0.16027712,0.041009864,0.034450193,0.01100884,0.008748313,0.176021895,0.053935426,0.381758048,0.103693603,0.485451651,42101024500
42,101,24600,42101024600,26447,4381.411355,D,D4,0.158885413,0.045076905,0.042528082,0.010255741,0.011849512,0.107732635,0.051183001,0.319401872,0.108109418,0.42751129,42101024600
42,101,17300,42101017300,20951,2912.231716,C,C6,0.024672163,0.006799229,0.018406081,0.000110207,0.000307722,0.063340677,0.080153043,0.106529129,0.087259995,0.193789124,42101017300
42,101,17400,42101017400,28149,7260.194641,D,D11,0.061105775,0.019974304,0.01739994,0.001437471,0.010182528,0.093672536,0.056017163,0.173615721,0.086173994,0.259789715,42101017400
42,101,17500,42101017500,25334,9623.344946,D,D11,0.046480737,0.012999896,0.02965729,0.000700723,0.0000565,0.07621888,0.058995517,0.15305763,0.072051923,0.225109553,42101017500
42,101,17601,42101017601,19125,7915.348593,D,D11,0.020439922,0.009016564,0.015738729,0.000152383,0.000650602,0.048464436,0.08081945,0.084795471,0.090486616,0.175282087,42101017601
42,101,24700,42101024700,31724,4034.991171,C,C4,0.227052313,0.052538729,0.042101865,0.002754172,0.014880643,0.116933963,0.039233989,0.388842314,0.10665336,0.495495673,42101024700
42,101,24900,42101024900,24605,7776.848424,B,B5,0.10276584,0.069115536,0.041681801,0.021490465,0.020884205,0.024489045,0.015810869,0.190427151,0.105810611,0.296237761,42101024900
42,101,25200,42101025200,29167,8926.696513,C,C4,0.172279835,0.118467317,0.037717654,0.018241765,0.016313037,0.052820882,0.030907632,0.281060136,0.165687985,0.446748122,42101025200
42,101,25400,42101025400,58952,5729.06585,A,A3,0.146927797,0.207988414,0.061700519,0,0,0.023816218,0.03091612,0.232444534,0.238904534,0.471349069,42101025400
42,101,4201,42101004201,61633,15899.64349,D,D17,0.004553461,0.007025552,0.020995178,0.003385005,0.001364742,0.004399766,0.005779322,0.033333409,0.014169615,0.047503025,42101004201
42,101,28800,42101028800,36360,10147.55655,B,B14,0.056608235,0.034666734,0.030435149,0.003253697,0.009283578,0.02961474,0.023751227,0.119911822,0.067701539,0.187613361,42101028800
42,101,11700,42101011700,77500,2990.711364,A,A8,0.169013618,0.073551877,0.041406245,0,0,0.113536062,0.11729409,0.323955925,0.190845967,0.514801892,42101011700
42,101,16902,42101016902,19616,5050.612566,D,D13,0.078897446,0.022188727,0.022812729,0.003946094,0.001392347,0.046577007,0.054665722,0.152233277,0.078246796,0.230480073,42101016902
42,101,1400,42101001400,95430,12981.54404,D,D18,0.037909743,0.021338846,0.050430065,0.005641873,0.011039999,0.007330274,0.005834097,0.101311956,0.038212942,0.139524898,42101001400
42,101,13200,42101013200,35687,6194.497374,D,D14,0.037288751,0.101985174,0.022827991,0.003808088,0.009960292,0.02047214,0.055089655,0.084396971,0.167035121,0.251432092,42101013200
42,101,27000,42101027000,75990,4154.365509,A,A5,0.39904574,0.071025559,0.092631737,0,0,0.018074343,0.001473547,0.509751821,0.072499107,0.582250927,42101027000
42,101,35602,42101035602,87838,2582.343566,,,0.178711373,0.175714902,0.024581115,0,0,0.101982775,0.039700327,0.305275263,0.215415229,0.520690491,42101035602
42,101,15101,42101015101,33000,9991.091406,D,D13,0.069933397,0.033026536,0.033412299,0.000580266,0.000392247,0.032251767,0.035341116,0.13617773,0.068759899,0.204937628,42101015101
42,101,15102,42101015102,21332,8775.271128,D,D12,0.069255332,0.031412019,0.035177008,0.017393395,0.012277823,0.067954229,0.067723696,0.189779963,0.111413538,0.301193501,42101015102
42,101,31402,42101031402,44604,11816.60657,B,E4,0.018495547,0.133047841,0.012617807,0,0,0.003484129,0.004991396,0.034597483,0.138039237,0.17263672,42101031402
42,101,16701,42101016701,29697,13055.82654,D,D12,0.112065948,0.015345733,0.032791563,0.012851712,0.036139902,0.042602688,0.024396096,0.200311912,0.07588173,0.276193642,42101016701
42,101,27901,42101027901,39048,9153.879455,C,C4,0.129590272,0.041188656,0.046690613,0.001645318,0.014928291,0.056119958,0.017488846,0.234046162,0.073605793,0.307651955,42101027901
42,101,27902,42101027902,34464,5121.45617,,,0.062141246,0.029975767,0.03742346,0.259963722,0.025534444,0.09256227,0.066206949,0.452090698,0.121717159,0.573807857,42101027902
42,101,8702,42101008702,31172,9173.179471,C,C14,0.08448224,0.02461205,0.072085714,0,0,0.03902831,0.018872917,0.195596264,0.043484967,0.239081231,42101008702
42,101,8101,42101008101,41537,13358.97425,C,C14,0.058525548,0.018187703,0.036190628,0.016645328,0.020671927,0.005548443,0.003397844,0.116909947,0.042257473,0.15916742,42101008101
42,101,7102,42101007102,29738,10765.80054,C,C14,0.046150805,0.012116901,0.030842473,0,0,0.012383355,0.014930479,0.089376634,0.02704738,0.116424014,42101007102
42,101,8701,42101008701,50197,12784.00882,C,C14,0.123525764,0.027645232,0.090958697,0.000400306,0.0000651,0.016800796,0.006648456,0.231685563,0.034358798,0.266044361,42101008701
42,101,8102,42101008102,39157,13201.81173,C,C14,0.052421954,0.0254945,0.024266993,0,0,0.004652785,0.013326474,0.081341732,0.038820974,0.120162706,42101008102
42,101,1002,42101001002,115132,6695.571975,D,D17,0.064509156,0.021778624,0.083202519,0.063109177,0.026892859,0.039462146,0.024768342,0.250282998,0.073439825,0.323722823,42101001002
42,101,30502,42101030502,50858,11012.86312,B,B8,0.104739278,0.079769776,0.058042614,0.013759582,0.046421025,0.022466376,0.007878088,0.19900785,0.134068889,0.333076739,42101030502
42,101,31502,42101031502,44275,6050.477534,B,E4,0.009291895,0.093614252,0.023254425,0.0000443,0.022945065,0.019946184,0.029253194,0.052536842,0.14581251,0.198349352,42101031502
42,101,26301,42101026301,46804,9282.866565,B,B6,0.032115143,0.167818181,0.028547821,0,0,0.002780232,0.007641402,0.063443196,0.175459583,0.238902779,42101026301
42,101,29200,42101029200,58306,2795.66074,,,0.03796375,0.019339103,0.040312533,0.176766009,0.097275902,0.165750532,0.150102732,0.420792823,0.266717737,0.687510561,42101029200
42,101,24400,42101024400,36762,8198.219802,C,C4,0.149095483,0.032103363,0.03930745,0.071568328,0.025734403,0.057635671,0.024605049,0.317606932,0.082442815,0.400049747,42101024400
42,101,33200,42101033200,64871,3501.772839,B,E4,0.02140158,0.099703467,0.045816285,0.006909318,0.002167192,0.05987704,0.274978663,0.134004222,0.376849322,0.510853544,42101033200
42,101,980200,42101980200,155000,80.54279334,B,E4,0.004380867,0.001110683,0.02811194,0.904841569,0.045670796,0.008332736,0.002908781,0.945667112,0.049690261,0.995357373,42101980200
42,101,200,42101000200,83854,8220.447814,,Industrial and Commercial ,0.006386333,0.001513533,0.010168546,0.00000486,0.0000454,0.008664736,0.006626165,0.025224476,0.008185072,0.033409548,42101000200
42,101,300,42101000300,84843,6564.555428,,Industrial and Commercial ,0.012080748,0.007316735,0.030075837,0.021514822,0.031808205,0.011543393,0.014208398,0.075214799,0.053333338,0.128548137,42101000300
42,101,38100,42101038100,31825,289.2746821,,Industrial and Commercial ,0.003673608,0.016602543,0.008349879,0.015768686,0.01701853,0.079106811,0.139839368,0.106898983,0.173460441,0.280359424,42101038100
42,101,1001,42101001001,117557,12275.55482,D,D17,0.032260142,0.017919876,0.064171055,0.16073867,0.030159304,0.009647485,0.00404616,0.266817352,0.05212534,0.318942692,42101001001
42,101,37300,42101037300,81102,2168.323003,,,0.020627362,0.026838246,0.017547824,0.245820625,0.21373102,0.032314667,0.026839692,0.316310478,0.267408957,0.583719435,42101037300
42,101,37200,42101037200,58275,4128.759668,D,D17,0.003532222,0.005022616,0.02108,0.025258709,0.183476914,0.008193512,0.033136594,0.058064443,0.221636125,0.279700568,42101037200
42,101,38400,42101038400,88173,923.7384967,B,E6,0.136848436,0.097477046,0.031252611,0.417116144,0.078215604,0.022233141,0.018326203,0.607450332,0.194018853,0.801469185,42101038400
42,101,38600,42101038600,136250,425.8982375,A,A4,0.336471199,0.082561622,0.043223977,0.242686346,0.034715336,0.082913258,0.062716887,0.70529478,0.179993846,0.885288626,42101038600
42,101,38500,42101038500,98750,1336.067565,A,A4,0.344224681,0.118884895,0.052200239,0.047975287,0.007757793,0.136526716,0.050422392,0.580926924,0.177065081,0.757992005,42101038500
42,101,25300,42101025300,45730,8546.391008,C,C4,0.117644505,0.123034463,0.046242094,0.005100326,0.018657051,0.045164318,0.064059319,0.214151243,0.205750833,0.419902076,42101025300
42,101,35301,42101035301,78574,3922.866731,,,0.051368878,0.093728883,0.028241942,0.151840656,0.189086549,0.033684495,0.028142604,0.265135971,0.310958036,0.576094006,42101035301
42,101,31900,42101031900,44720,7193.342085,B,B12,0.06588646,0.09601845,0.032200959,0.113550452,0.084427853,0.015201579,0.029277205,0.226839449,0.209723507,0.436562956,42101031900
42,101,28300,42101028300,26944,10973.61489,B,B14,0.107349838,0.031189599,0.040641979,0.000296636,0.000147853,0.022936784,0.067258357,0.171225238,0.098595809,0.269821047,42101028300
42,101,8302,42101008302,24497,10784.59961,C,C14,0.058451553,0.022885785,0.025733814,0,0,0.017850589,0.014783255,0.102035955,0.03766904,0.139704995,42101008302
42,101,8400,42101008400,43839,9693.819592,C,C14,0.039544074,0.012494889,0.023290863,0.000264442,0.000168395,0.014543068,0.013939342,0.077642448,0.026602626,0.104245074,42101008400
42,101,8500,42101008500,38610,10092.60675,C,C14,0.055920549,0.014771751,0.03303627,0.000435085,0.0000937,0.020592024,0.007321922,0.109983928,0.022187337,0.132171265,42101008500
42,101,9000,42101009000,32566,12185.35436,D,D20,0.057850308,0.031655492,0.056898917,0.005959591,0.019822042,0.034969287,0.045733464,0.155678104,0.097210999,0.252889102,42101009000
42,101,4002,42101004002,63726,15215.79636,D,D17,0.001544566,0.001524601,0.011541595,0.0000417,0.0000744,0.002234267,0.001746031,0.015362173,0.003345048,0.018707221,42101004002
42,101,4101,42101004101,36365,13240.64171,D,D17,0.014850504,0.014110824,0.011279288,0.001830792,0.002908517,0.009478618,0.012418931,0.037439202,0.029438271,0.066877474,42101004101
42,101,11200,42101011200,25565,11823.44138,C,C13,0.101608563,0.021013582,0.025434483,0.034160599,0.006954771,0.015486835,0.012002608,0.176690479,0.039970961,0.21666144,42101011200
42,101,2300,42101002300,72244,14017.39343,D,D17,0.010102355,0.019647725,0.021681162,0.001800624,0.046674766,0.001632644,0.011419669,0.035216786,0.077742159,0.112958945,42101002300
42,101,6200,42101006200,32521,9167.345257,C,C15,0.031498338,0.023094442,0.013372793,0.0017525,0.011087297,0.032478363,0.052827998,0.079101994,0.087009737,0.166111731,42101006200
42,101,32300,42101032300,28529,6347.867823,C,C10,0.024835315,0.065990384,0.01584829,0.011344346,0.121662796,0.015626118,0.118445992,0.067654069,0.306099172,0.373753241,42101032300
42,101,600,42101000600,86786,7599.101082,,Industrial and Commercial ,0.0000181,0.0000834,0.010501958,0,0,0.003266228,0.001442796,0.013786312,0.001526173,0.015312485,42101000600
42,101,1500,42101001500,72596,13618.34383,D,D17,0.023455297,0.01931382,0.040703607,0.006541651,0.024937757,0.011525019,0.00736524,0.082225574,0.051616817,0.133842391,42101001500
42,101,9200,42101009200,31860,7109.236148,,,0.045708149,0.05806788,0.023204904,0.036751591,0.099566068,0.025914975,0.024027583,0.131579619,0.181661531,0.31324115,42101009200
42,101,9300,42101009300,27339,12176.4161,D,D20,0.095515172,0.015143847,0.043827854,0,0,0.028436207,0.01668831,0.167779234,0.031832157,0.19961139,42101009300
42,101,9400,42101009400,21714,10705.89069,D,D20,0.067006384,0.028017748,0.017809771,0.008007997,0.021655043,0.023203051,0.038864044,0.116027204,0.088536836,0.20456404,42101009400
42,101,9500,42101009500,28192,9389.082841,D,D20,0.06903872,0.015469867,0.024370876,0,0,0.013490775,0.010285785,0.106900371,0.025755652,0.132656023,42101009500
42,101,9600,42101009600,43140,10161.05193,D,D20,0.08239879,0.0323078,0.027503328,0.000071,0.000969852,0.016431883,0.015211847,0.12640504,0.048489499,0.174894539,42101009600
42,101,10000,42101010000,52083,9990.114368,C,C13,0.040624593,0.062412021,0.019848252,0.000110666,0.000144621,0.040605729,0.03003081,0.101189241,0.092587451,0.193776692,42101010000
42,101,10100,42101010100,39702,10528.36356,C,C13,0.083137105,0.039093837,0.032834203,0,0,0.016607024,0.010184004,0.132578331,0.049277841,0.181856172,42101010100
42,101,10200,42101010200,24851,9439.32516,D,D20,0.084727571,0.022869745,0.028767248,0.011413178,0.044371852,0.020167446,0.014292506,0.145075443,0.081534103,0.226609546,42101010200
42,101,10300,42101010300,30405,9592.036263,D,D20,0.072920886,0.020636181,0.035951993,0.015489374,0.024932975,0.042267012,0.028005928,0.166629266,0.073575085,0.240204351,42101010300
42,101,10400,42101010400,,8255.42998,D,D20,0.077788518,0.021240672,0.033183505,0.000805804,0.002364485,0.102060547,0.073351966,0.213838374,0.096957123,0.310795497,42101010400
42,101,10500,42101010500,22175,6757.907284,D,D20,0.050799709,0.052845552,0.027019401,0.021756351,0.028094658,0.060350465,0.058257045,0.159925926,0.139197255,0.299123181,42101010500
42,101,37600,42101037600,77358,4743.890422,,Industrial and Commercial ,0.009463682,0.006671282,0.009458272,0,0.0001641,0.0221237,0.028191781,0.041045653,0.035027163,0.076072816,42101037600
42,101,14500,42101014500,28173,6103.308292,D,D15,0.052426112,0.062797632,0.031165179,0.014962479,0.021969631,0.043287026,0.078834839,0.141840797,0.163602102,0.305442899,42101014500
42,101,31200,42101031200,42202,13415.26045,B,E4,0.053000362,0.078333109,0.045282734,0,0,0.003294269,0.004335251,0.101577365,0.08266836,0.184245726,42101031200
42,101,21800,42101021800,66039,5001.948295,B,E6,0.218545395,0.242917322,0.029396374,0.051429033,0.007618171,0.024897018,0.009016132,0.324267819,0.259551625,0.583819445,42101021800
42,101,9100,42101009100,25741,6396.067429,D,D20,0.049166315,0.029588618,0.045374901,0.010880093,0.00717692,0.029922463,0.037297925,0.135343772,0.074063463,0.209407235,42101009100
42,101,33600,42101033600,42988,6092.919625,B,E4,0.101423951,0.195100529,0.030027988,0,0,0.012815342,0.01858599,0.144267281,0.213686519,0.357953799,42101033600
42,101,4202,42101004202,61858,12712.17285,D,D17,0.008116485,0.013445561,0.02000198,0.001434432,0.02056388,0.004595982,0.005399485,0.03414888,0.039408926,0.073557806,42101004202
42,101,16800,42101016800,12960,4940.357784,,Industrial and Commercial ,0.061939759,0.016393126,0.033129817,0.017675841,0.028496532,0.085350663,0.066577351,0.19809608,0.11146701,0.30956309,42101016800
42,101,7000,42101007000,38378,7662.06829,C,C14,0.046124284,0.016349957,0.017432223,0,0,0.024866809,0.029614387,0.088423316,0.045964344,0.13438766,42101007000
42,101,29100,42101029100,16862,3663.139958,,,0.037846155,0.037340468,0.029438644,0.118462252,0.010744884,0.052697839,0.029850703,0.238444891,0.077936055,0.316380946,42101029100
42,101,21300,42101021300,74688,6159.162102,C,C5,0.115897221,0.15771128,0.025631306,0,0,0.029690642,0.025409465,0.171219169,0.183120745,0.354339914,42101021300
42,101,30000,42101030000,28906,8097.903833,C,C10,0.082916469,0.047165274,0.018018179,0.001312437,0.001049262,0.052636968,0.098639601,0.154884053,0.146854138,0.301738191,42101030000
42,101,13300,42101013300,87784,8744.67776,D,D12,0.026517664,0.014405046,0.025578661,0,0,0.012530536,0.01560634,0.064626861,0.030011386,0.094638247,42101013300
42,101,26100,42101026100,45379,5024.90895,B,B6,0.082896902,0.19499909,0.025774983,0.000176383,0.015214199,0.010976199,0.021967819,0.119824466,0.232181108,0.352005574,42101026100
42,101,26200,42101026200,51498,6820.659115,B,B6,0.06413312,0.215571176,0.027837025,0.009922576,0.021136416,0.000309588,0.001975734,0.102202309,0.238683326,0.340885635,42101026200
42,101,26302,42101026302,53175,6574.238189,B,B6,0.076081617,0.112086406,0.034056326,0,0,0.011787668,0.02279044,0.121925611,0.134876846,0.256802457,42101026302
42,101,26400,42101026400,58798,7188.583606,B,B6,0.041704923,0.102292723,0.033910631,0.00224568,0.043948246,0.03191866,0.124033952,0.109779893,0.270274921,0.380054814,42101026400
42,101,26500,42101026500,47740,9555.6276,,,0.052267283,0.076300168,0.035612554,0,0.00016508,0.060355053,0.069416107,0.14823489,0.145881355,0.294116245,42101026500
42,101,26600,42101026600,46286,7280.093518,B,B6,0.03690379,0.051817807,0.037597721,0,0,0.086474552,0.246108697,0.160976063,0.297926504,0.458902567,42101026600
42,101,26700,42101026700,44597,11327.47868,B,B14,0.050718704,0.032223169,0.052129257,0,0,0.020337414,0.009303626,0.123185376,0.041526795,0.164712171,42101026700
42,101,26900,42101026900,65850,3689.694722,A,A5,0.429697154,0.062974746,0.073460355,0,0,0.035026699,0.015217268,0.538184207,0.078192014,0.616376221,42101026900
42,101,27100,42101027100,51881,7483.594382,B,E3,0.14945135,0.060663176,0.054820964,0.028362048,0.019771054,0.009954457,0.054242627,0.242588819,0.134676858,0.377265677,42101027100
42,101,27200,42101027200,55610,6989.206933,B,E3,0.127947873,0.069667329,0.01970336,0.066782382,0.000486662,0.064755545,0.106049925,0.27918916,0.176203916,0.455393077,42101027200
42,101,27300,42101027300,43132,5967.978883,A,A6,0.045610455,0.02937696,0.027811595,0.083148535,0.057241268,0.062413113,0.021081057,0.218983697,0.107699285,0.326682982,42101027300
42,101,34200,42101034200,56181,2947.152419,,,0.309191079,0.160134569,0.043031959,0.071426155,0.07303864,0.026296297,0.02078887,0.44994549,0.253962079,0.70390757,42101034200
42,101,34400,42101034400,81582,2364.119435,,,0.245935795,0.226737521,0.043022623,0.017152045,0.001394175,0.083040338,0.020592998,0.3891508,0.248724693,0.637875493,42101034400
42,101,34600,42101034600,51667,1410.230503,,,0.033875559,0.03103843,0.018689231,0.042235847,0.044348179,0.128526783,0.103450978,0.223327419,0.178837586,0.402165005,42101034600
42,101,34701,42101034701,58370,6369.493314,,,0.071203749,0.225886514,0.0402733,0.076794961,0.007390451,0.000814863,0.001793788,0.189086873,0.235070754,0.424157627,42101034701
42,101,8602,42101008602,31776,8468.308858,C,C14,0.021990802,0.01241285,0.027804716,0.001481878,0.000340798,0.013601404,0.03662986,0.064878801,0.049383508,0.114262309,42101008602
42,101,9802,42101009802,63403,9230.14703,C,C,0.063519388,0.116377872,0.010814004,0.029249355,0.005275846,0.014074026,0.04884827,0.117656772,0.170501988,0.28815876,42101009802
42,101,37500,42101037500,69205,3606.953378,A,A8,0.276148796,0.102317018,0.068237795,0.059894558,0.003062539,0.033770909,0.017114721,0.438052059,0.122494278,0.560546337,42101037500
42,101,18001,42101018001,55577,6086.983458,D,D10,0.015104865,0.019236124,0.023226821,0.002344332,0.021229857,0.107832809,0.046618439,0.148508826,0.08708442,0.235593247,42101018001
42,101,11000,42101011000,14055,6580.51295,D,D20,0.051527229,0.024898899,0.03226591,0.00160511,0.00280525,0.073446089,0.07338085,0.158844338,0.101084998,0.259929336,42101011000
42,101,11100,42101011100,41202,2912.531106,,Industrial and Commercial ,0.02611692,0.006907419,0.010257986,0.00086505,0.003591473,0.102798166,0.181450899,0.140038122,0.191949791,0.331987913,42101011100
42,101,11300,42101011300,37808,10094.59774,C,C13,0.072111841,0.037938088,0.028504864,0.001122958,0.000781594,0.032062143,0.02118698,0.133801806,0.059906663,0.193708469,42101011300
42,101,11400,42101011400,33468,7099.050616,B,B18a,0.101120722,0.038903373,0.044935467,0.002010269,0.006082914,0.071508331,0.044680726,0.219574789,0.089667012,0.309241801,42101011400
42,101,11500,42101011500,63719,11763.88019,B,B18a,0.056378427,0.040372157,0.070691823,0,0,0.014497551,0.007820669,0.141567801,0.048192827,0.189760627,42101011500
42,101,11800,42101011800,35609,6085.279201,B,B18,0.043908921,0.043310073,0.045507675,0,0,0.030958743,0.044211425,0.120375339,0.087521498,0.207896837,42101011800
42,101,11900,42101011900,41345,7545.165334,B,B18,0.089305138,0.052521563,0.040055641,0,0,0.052132937,0.025419212,0.181493717,0.077940775,0.259434492,42101011900
42,101,12000,42101012000,76190,3549.36987,B,B18,0.29041728,0.129264334,0.068921458,0,0,0.027919729,0.009889388,0.387258468,0.139153722,0.526412189,42101012000
42,101,12100,42101012100,46315,3714.661107,,,0.132562521,0.048449072,0.045236837,0.152304205,0.212284487,0.033128138,0.014343701,0.363231701,0.275077261,0.638308962,42101012100
42,101,13100,42101013100,27491,5438.359056,D,D15,0.065419763,0.062363745,0.031471349,0.004293579,0.019455157,0.031232385,0.073385226,0.132417076,0.155204128,0.287621204,42101013100
42,101,13500,42101013500,107414,9926.103751,D,D12,0.037120916,0.0345487,0.049750128,0.005450502,0.012706502,0.018990191,0.038223074,0.111311738,0.085478276,0.196790014,42101013500
42,101,3002,42101003002,54286,13046.81166,D,D19,0.048448651,0.029541322,0.020319311,0,0,0.005168077,0.006163635,0.073936039,0.035704957,0.109640996,42101003002
42,101,31401,42101031401,49490,12929.33165,B,E4,0.035741223,0.050830418,0.023984255,0,0,0.010039823,0.033451697,0.069765301,0.084282115,0.154047416,42101031401
42,101,13401,42101013401,101875,17006.18074,D,D13,0.065313014,0.030073744,0.086307028,0.001098724,0.000160231,0.009175105,0.004764951,0.161893871,0.034998925,0.196892796,42101013401
42,101,18002,42101018002,60641,14270.41481,D,D10,0.014786405,0.019970897,0.012880823,0.004996638,0.001842964,0.00565982,0.005497582,0.038323686,0.027311443,0.065635129,42101018002
42,101,13800,42101013800,51402,4820.41394,D,D12,0.05512979,0.024005916,0.028326944,0.016097481,0.023802336,0.052833556,0.055023415,0.152387771,0.102831667,0.255219437,42101013800
42,101,13900,42101013900,43792,3192.186692,D,D12,0.039223817,0.052746855,0.027504146,0.000652637,0.003518903,0.088400626,0.136194333,0.155781226,0.192460092,0.348241317,42101013900
42,101,14100,42101014100,21917,4756.822144,D,D14,0.039168089,0.06413929,0.026882899,0.004134032,0.033336131,0.017339999,0.049416881,0.087525018,0.146892302,0.23441732,42101014100
42,101,35701,42101035701,41182,7948.10844,,,0.141600125,0.226625023,0.020376157,0,0,0.02030088,0.017074402,0.182277162,0.243699425,0.425976587,42101035701
42,101,35702,42101035702,42101,2777.154219,,,0.062780214,0.075546764,0.015782464,0.105780162,0.228643007,0.068542684,0.070411322,0.252885524,0.374601094,0.627486618,42101035702
42,101,33701,42101033701,48539,7881.922403,B,E4,0.063586363,0.170848707,0.026734773,0.03552509,0.017797639,0.027041928,0.031356917,0.152888153,0.220003264,0.372891417,42101033701
42,101,33702,42101033702,65572,4120.812894,B,E4,0.065853774,0.22316228,0.015734046,0.083097204,0.011754383,0.037339366,0.032499396,0.20202439,0.267416059,0.469440449,42101033702
42,101,20102,42101020102,36462,9404.245851,D,D6,0.077416825,0.019637766,0.041929919,0.000994976,0.000127518,0.032946614,0.028575768,0.153288335,0.048341052,0.201629387,42101020102
42,101,31101,42101031101,39924,14205.67483,B,E4,0.020261386,0.064928085,0.012974161,0.000826995,0,0.000835946,0.001859845,0.034898487,0.066787929,0.101686417,42101031101
42,101,31102,42101031102,41625,11828.41885,B,E4,0.042461945,0.044673947,0.040029844,0.010600944,0.046231939,0.009443849,0.006305856,0.102536582,0.097211742,0.199748324,42101031102
42,101,19502,42101019502,25202,10680.55814,C,C8,0.029110498,0.014407356,0.009980694,0.000657492,0.001066523,0.045914573,0.043396159,0.085663257,0.058870038,0.144533295,42101019502
42,101,19501,42101019501,18804,11721.75494,C,C8,0.033099041,0.01339375,0.019249246,0.004155256,0.030669448,0.01808927,0.04063094,0.074592813,0.084694138,0.15928695,42101019501
42,101,28902,42101028902,29615,8520.960625,,,0.028915187,0.018616521,0.038544315,0.257143838,0.090644628,0.050325692,0.018079811,0.374929032,0.12734096,0.502269991,42101028902
42,101,33101,42101033101,61477,11245.55394,B,B10,0.029494206,0.074228435,0.056884345,0,0,0.005282659,0.004695269,0.091661211,0.078923703,0.170584914,42101033101
42,101,33102,42101033102,46799,5351.266355,B,B10,0.117776078,0.09103066,0.026645349,0.009429117,0.01211967,0.061875753,0.038830281,0.215726297,0.141980611,0.357706908,42101033102
42,101,31501,42101031501,47957,12148.16883,B,B10,0.028017452,0.099060792,0.07533314,0,0,0.002767853,0.007277205,0.106118445,0.106337997,0.212456442,42101031501
42,101,1102,42101001102,105368,12407.93284,D,D17,0.041234204,0.020359465,0.07141455,0.015709729,0.008995829,0.024748497,0.009971169,0.15310698,0.039326463,0.192433442,42101001102
42,101,803,42101000803,71905,19113.74017,C,C16,0.023667926,0.009468808,0.041163925,0.139451958,0.018249572,0.001105786,0.001928983,0.205389594,0.029647363,0.235036958,42101000803
42,101,17201,42101017201,,9796.241225,C,C6,0.06507608,0.012043633,0.021464324,0.00000714,0.000116628,0.023049514,0.009044625,0.109597059,0.021204886,0.130801945,42101017201
42,101,8601,42101008601,52019,13288.07598,B,B19,0.077610107,0.037238374,0.067580386,0.009821491,0.002451654,0.012107058,0.053995891,0.167119042,0.09368592,0.260804962,42101008601
42,101,37700,42101037700,19843,6921.072631,D,D14,0.055473165,0.030929787,0.03958571,0.001798964,0.009946965,0.062449885,0.055391625,0.159307724,0.096268377,0.255576101,42101037700
42,101,10700,42101010700,36016,8287.69426,D,D20,0.070698907,0.035347417,0.029138066,0.001821808,0.000568806,0.056360654,0.062400314,0.158019435,0.098316537,0.256335972,42101010700
42,101,10800,42101010800,26078,7132.955003,D,D20,0.055725897,0.043032604,0.023542271,0.000979859,0.013908233,0.073614475,0.095374406,0.153862503,0.152315244,0.306177746,42101010800
42,101,10600,42101010600,14514,6283.266847,D,D20,0.072599702,0.044409054,0.033278498,0.001702237,0.000907703,0.059172777,0.069440426,0.166753215,0.114757182,0.281510397,42101010600
42,101,5400,42101005400,57333,840.6169652,D,D23,0.017222222,0.021973647,0.01944335,0.441651012,0.073444369,0.239442882,0.083338765,0.717759465,0.178756781,0.896516247,42101005400
42,101,5500,42101005500,61417,5281.547017,D,D23,0.085819503,0.079853084,0.035852077,0.109392753,0.055095655,0.054911949,0.04807681,0.285976282,0.183025549,0.469001832,42101005500
42,101,5600,42101005600,42031,1474.275148,D,D23,0.048430734,0.051825227,0.028960433,0,0,0.284621326,0.158599091,0.362012493,0.210424318,0.572436811,42101005600
42,101,500,42101000500,54750,6591.099916,,Industrial and Commercial ,0.0000847,0.000439385,0.007990683,0.001925413,0.000726957,0.003909216,0.003811413,0.013909978,0.004977755,0.018887733,42101000500
42,101,34803,42101034803,80672,3030.998924,C,E5,0.073222552,0.168639723,0.014216074,0.088081478,0.22437583,0.00629512,0.006607194,0.181815224,0.399622747,0.581437971,42101034803
42,101,6000,42101006000,43235,5945.519626,D,D23,0.048204457,0.058565988,0.027655479,0.022138521,0.052349186,0.024044687,0.077485698,0.122043144,0.188400872,0.310444016,42101006000
42,101,6100,42101006100,35361,5186.516552,D,D22,0.049545949,0.040586283,0.042312264,0.023619982,0.083637584,0.024243253,0.036316935,0.139721447,0.160540802,0.300262248,42101006100
42,101,6300,42101006300,28681,8277.582492,D,D22,0.065319321,0.031372064,0.021925185,0.005668578,0.007156692,0.06892076,0.056637339,0.161833844,0.095166096,0.256999939,42101006300
42,101,6400,42101006400,28981,7473.920672,B,B20,0.057836772,0.035458151,0.050730917,0.077704522,0.024072023,0.083036106,0.03862865,0.269308318,0.098158824,0.367467142,42101006400
42,101,26800,42101026800,41941,5693.126531,A,A5,0.21307939,0.059954143,0.06927287,0,0,0.041750776,0.01592057,0.324103036,0.075874713,0.399977748,42101026800
42,101,14400,42101014400,109583,7626.636125,D,D15,0.018983651,0.017328166,0.020918474,0.005830143,0.021431962,0.020219103,0.056155047,0.06595137,0.094915174,0.160866545,42101014400
42,101,36600,42101036600,125807,1853.510106,,,0.002701596,0.001156272,0.0360425,0.015814538,0.013194562,0.081726949,0.096605587,0.136285583,0.110956421,0.247242005,42101036600
42,101,23800,42101023800,80470,6069.367859,C,C4,0.296360714,0.130015543,0.05300346,0.002015466,0.002810602,0.045226662,0.039048143,0.396606302,0.171874288,0.56848059,42101023800
42,101,10900,42101010900,29656,9603.761852,D,D20,0.036347072,0.030320931,0.053975062,0.002750684,0.002875317,0.02708046,0.03759122,0.120153277,0.070787469,0.190940746,42101010900
42,101,24800,42101024800,44083,7392.04791,B,B5,0.133435073,0.073474078,0.044183643,0.010182352,0.036338096,0.049625732,0.025728376,0.2374268,0.13554055,0.37296735,42101024800
42,101,33500,42101033500,47932,4030.701624,B,E4,0.041506886,0.09998475,0.014300223,0,0,0.017398406,0.07707957,0.073205515,0.17706432,0.250269835,42101033500
42,101,7700,42101007700,50625,6038.489943,C,C14,0.045836273,0.021369286,0.062793033,0.096607505,0.028597903,0.083979758,0.069277814,0.289216569,0.119245003,0.408461572,42101007700
42,101,14000,42101014000,55595,8797.100527,D,D12,0.049503818,0.030926723,0.036025676,0.003525009,0.001297864,0.044444712,0.046129658,0.133499215,0.078354244,0.211853458,42101014000
42,101,3001,42101003001,50536,16429.40696,D,D19,0.012343891,0.007995349,0.012031702,0,0,0.001978117,0.006602932,0.026353709,0.014598281,0.04095199,42101003001
42,101,2802,42101002802,67585,15914.37339,D,D17,0.003516906,0.006189962,0.015441254,0.001045753,0.000683364,0.002616109,0.003530711,0.022620023,0.010404037,0.033024059,42101002802
42,101,2701,42101002701,80470,18226.13213,D,D17,0.015755507,0.022915076,0.007151218,0.0004259,0.000579001,0.002986865,0.006931309,0.02631949,0.030425386,0.056744877,42101002701
42,101,36501,42101036501,59338,2642.315591,B,B9,0.089588146,0.064099445,0.010019523,0,0,0.019409099,0.048582366,0.119016769,0.112681811,0.23169858,42101036501
42,101,801,42101000801,118750,16317.01632,D,D18,0.021483295,0.014564309,0.056122055,0.038195307,0.03989218,0.003418793,0.00435176,0.119219449,0.058808249,0.178027698,42101000801
42,101,980003,42101980003,,,,Industrial and Commercial ,,,,,,,,,,,
42,101,980701,42101980701,,,,,,,,,,,,,,,
42,101,980902,42101980902,,,,Industrial and Commercial ,,,,,,,,,,,
42,101,980904,42101980904,,,,,,,,,,,,,,,
42,101,980903,42101980903,,,,Industrial and Commercial ,,,,,,,,,,,
42,101,980906,42101980906,,,,,,,,,,,,,,,
42,101,980905,42101980905,,,,,,,,,,,,,,,
42,101,980300,42101980300,,,,,,,,,,,,,,,
42,101,980400,42101980400,,,,,,,,,,,,,,,
42,101,980500,42101980500,,,,,,,,,,,,,,,
42,101,980702,42101980702,,,,Industrial and Commercial ,,,,,,,,,,,
42,101,989200,42101989200,,,,,,,,,,,,,,,
42,101,36901,42101036901,,,,,,,,,,,,,,,
42,101,980001,42101980001,,,,,,,,,,,,,,,
42,101,980002,42101980002,,,,,,,,,,,,,,,
42,101,980901,42101980901,,,,,,,,,,,,,,,
42,101,980100,42101980100,,,,,,,,,,,,,,,
42,101,980800,42101980800,,,,,,,,,,,,,,,
42,101,980600,42101980600,,,,,,,,,,,,,,,
